,return,cum_return,index_level
2016-04-01,0.003749951419955585,1.0037499514199555,100.37499514199556
2016-04-04,-0.0018882898723759116,1.0018545805522914,100.18545805522913
2016-04-05,-0.008304527609767322,0.9935346515271231,99.3534651527123
2016-04-06,0.010395397200108816,1.0038628388618192,100.38628388618191
2016-04-07,-0.011810785516949529,0.992006430183586,99.2006430183586
2016-04-08,0.003019053500003781,0.9950013506686581,99.50013506686581
2016-04-11,-0.0021644174176428006,0.9928477524146927,99.28477524146928
2016-04-12,0.009237128583806209,1.0020188147678901,100.20188147678901
2016-04-13,0.011080260672234495,1.0131214444340018,101.31214444340017
2016-04-14,-0.0007404486385903071,1.012371280039744,101.23712800397439
2016-04-15,-0.001392170616817362,1.010961886490363,101.09618864903629
2016-04-18,0.005772281139669582,1.016797442720676,101.67974427206761
2016-04-19,0.006377402483266792,1.0232819692568622,102.32819692568623
2016-04-20,0.0023512918095749957,1.0256880037700615,102.56880037700616
2016-04-21,-0.0042494350743623064,1.0213294091914884,102.13294091914884
2016-04-22,0.002802334179515176,1.0241915155034098,102.41915155034098
2016-04-25,-0.003774178994864208,1.0203260333988786,102.03260333988786
2016-04-26,0.003633586526306508,1.0240334763262764,102.40334763262764
2016-04-27,0.003120506113895842,1.0272289790499867,102.72289790499866
2016-04-28,-0.013010017478552533,1.0138647120780706,101.38647120780706
2016-04-29,-0.014420959149696159,0.9992438104818743,99.92438104818743
2016-05-02,0.004190974621302254,1.003431615932097,100.3431615932097
2016-05-03,-0.008712529874586037,0.9946891880011846,99.46891880011846
2016-05-04,-0.009153531468345239,0.985584269217593,98.5584269217593
2016-05-05,-0.0022607116122434984,0.9833561474153283,98.33561474153282
2016-05-06,0.000502694510809368,0.9838504751528045,98.38504751528046
2016-05-09,0.00114441135147788,0.9849764048047263,98.49764048047263
2016-05-10,0.01044654226031604,0.9952660024429328,99.52660024429328
2016-05-11,-0.010796589875233957,0.984520523597793,98.4520523597793
2016-05-12,-0.005392585549548752,0.9792114124490053,97.92114124490054
2016-05-13,-0.006890766590139116,0.9724638951634188,97.24638951634188
2016-05-16,0.01111805332510269,0.9832758006065828,98.32758006065828
2016-05-17,-0.006862888382961856,0.9765276885373524,97.65276885373524
2016-05-18,-0.0015894212531500336,0.9749755746749017,97.49755746749017
2016-05-19,-0.006426999882851643,0.9687094067706828,96.87094067706829
2016-05-20,0.008606946518669549,0.9770470368268902,97.70470368268901
2016-05-23,-0.0033478165149591448,0.9737760626211092,97.37760626211092
2016-05-24,0.012865853769087481,0.9863045230466302,98.63045230466302
2016-05-25,0.009297834917072919,0.9954750196798801,99.54750196798801
2016-05-26,-0.002001885167086805,0.9934821930037775,99.34821930037775
2016-05-27,0.005050330497667078,0.9984996064219935,99.84996064219935
2016-05-31,0.0008133489626095678,0.999311735041043,99.9311735041043
2016-06-01,0.0009284488164122181,1.0002395448386687,100.02395448386687
2016-06-02,0.0057378793136712665,1.0059787986317146,100.59787986317146
2016-06-03,-0.0035425356776365297,1.0024150828466158,100.24150828466159
2016-06-06,0.007248800094606865,1.0096813893939898,100.96813893939898
2016-06-07,0.0025141820144859877,1.0122199121835653,101.22199121835654
2016-06-08,0.0035690846892134807,1.0158326107742568,101.58326107742568
2016-06-09,-0.0019708920309240837,1.013830514376929,101.3830514376929
2016-06-10,-0.00944489749611454,1.004254989090206,100.42549890902059
2016-06-13,-0.010110594618437696,0.9941013740019713,99.41013740019713
2016-06-14,-0.0016900237169295627,0.9924213191028757,99.24213191028757
2016-06-15,-0.0020492562397541533,0.990387593522239,99.0387593522239
2016-06-16,0.002827886477518466,0.9931882972054625,99.31882972054625
2016-06-17,-0.0023508814221292005,0.990853429288886,99.0853429288886
2016-06-20,0.007044183935695857,0.9978331830981119,99.7833183098112
2016-06-21,0.0019374989351066741,0.9997664838277786,99.97664838277785
2016-06-22,-0.0004469371512361629,0.9993196510435952,99.93196510435952
2016-06-23,0.014359049816390218,1.0136689316954277,101.36689316954278
2016-06-24,-0.03557928206026247,0.9776033188589112,97.76033188589112
2016-06-27,-0.020197744764064614,0.9578579365440963,95.78579365440963
2016-06-28,0.017885898557890252,0.9749900864299941,97.49900864299941
2016-06-29,0.01703154029238812,0.9915956693717055,99.15956693717055
2016-06-30,0.014241950610126437,1.0057179259201126,100.57179259201125
2016-07-01,0.004649823137140583,1.010394336401493,101.03943364014928
2016-07-05,-0.009096152818902817,1.001203635110231,100.12036351102309
2016-07-06,0.006569999807337837,1.0077815428000112,100.77815428000112
2016-07-07,-0.0026276760143148833,1.0051334194123263,100.51334194123262
2016-07-08,0.015852580070691763,1.0210673774252883,102.10673774252884
2016-07-11,0.004119460110938668,1.0252736237571725,102.52736237571725
2016-07-12,0.010747802749809379,1.0362930624298967,103.62930624298967
2016-07-13,0.0006327604305699028,1.0369487876742765,103.69487876742764
2016-07-14,0.004385098306965988,1.0414959100475174,104.14959100475174
2016-07-15,0.000200977846576767,1.0417052276527372,104.17052276527372
2016-07-18,0.0025938920686308198,1.044407298580597,104.4407298580597
2016-07-19,-0.0019607582128846435,1.0423594683923083,104.23594683923083
2016-07-20,0.004362828544633297,1.046907104034779,104.69071040347791
2016-07-21,-0.003891904252420828,1.0428326418246965,104.28326418246965
2016-07-22,0.004489414238166957,1.0475143495349297,104.75143495349297
2016-07-25,-0.002225677290625356,1.0451829206355656,104.51829206355656
2016-07-26,0.0007820691868286674,1.0460003259923945,104.60003259923944
2016-07-27,-0.0009265692059195059,1.0450311343009482,104.50311343009481
2016-07-28,-0.0014954548289880507,1.043468337444715,104.3468337444715
2016-07-29,0.001742080286606562,1.0452861430650755,104.52861430650755
2016-08-01,-0.0005951665904459235,1.0446640236752671,104.46640236752671
2016-08-02,-0.009021199777770597,1.0352399008170428,103.52399008170427
2016-08-03,0.0017260832665324426,1.0370268110866898,103.70268110866898
2016-08-04,-4.233537332417269e-05,1.0369829081694952,103.69829081694952
2016-08-05,0.012752390941043985,1.0502069196136534,105.02069196136534
2016-08-08,-0.0014535515360461979,1.0486803897324826,104.86803897324826
2016-08-09,-0.00031829270007354793,1.0483466024197203,104.83466024197203
2016-08-10,-0.00372517825680207,1.044441324450794,104.44413244507939
2016-08-11,0.007816799703999483,1.0526055130866059,105.26055130866058
2016-08-12,-0.0011375477570703897,1.0514081240461142,105.14081240461141
2016-08-15,0.0036764624690778435,1.0552735865538534,105.52735865538534
2016-08-16,-0.006566239168167761,1.0483444077966906,104.83444077966905
2016-08-17,0.0024113114890757545,1.0508722927117191,105.0872292711719
2016-08-18,0.0020149312539937776,1.05298972813826,105.29897281382601
2016-08-19,-0.0016142778866072272,1.051289910105302,105.1289910105302
2016-08-22,-0.0012295293832211458,1.0499973182705435,104.99973182705435
2016-08-23,0.003523380139826308,1.0536968579686088,105.36968579686088
2016-08-24,-0.008170288449745516,1.0450878507004147,104.50878507004147
2016-08-25,-0.002926460133009099,1.0420294427698478,104.20294427698478
2016-08-26,-0.002960450093667145,1.0389445666083958,103.89445666083958
2016-08-29,0.005151076545721364,1.044296249597757,104.42962495977571
2016-08-30,-0.0007774323274651123,1.043484379933869,104.34843799338691
2016-08-31,-0.0019921516725437062,1.0414056007811106,104.14056007811105
2016-09-01,-0.0004553433123348379,1.0409314037053667,104.09314037053667
2016-09-02,0.004305448656900412,1.0454130804193753,104.54130804193753
2016-09-06,0.0025730964292862697,1.0481030290837317,104.81030290837316
2016-09-07,0.0044521419330095695,1.0527693325296297,105.27693325296296
2016-09-08,-0.00043666463455967425,1.052309625393765,105.23096253937649
2016-09-09,-0.02518474059031963,1.0258074804575266,102.58074804575266
2016-09-12,0.015036470283676788,1.0412320041541994,104.12320041541993
2016-09-13,-0.01637895502999643,1.0241777119823647,102.41777119823648
2016-09-14,-0.0029546448405792817,1.0211516305898198,102.11516305898198
2016-09-15,0.012442120699694555,1.0338569224303082,103.38569224303083
2016-09-16,0.0012014700963133855,1.0350990706064749,103.50990706064749
2016-09-19,-0.001320500570433029,1.0337322216932845,103.37322216932844
2016-09-20,-0.0007222109910613219,1.0329856489209635,103.29856489209635
2016-09-21,0.012999267880825937,1.0464137060883358,104.64137060883358
2016-09-22,0.00632524085565208,1.053032524814,105.3032524814
2016-09-23,-0.005338869190182271,1.0474105219110108,104.74105219110108
2016-09-26,-0.008597635554072348,1.0384052679681193,103.84052679681193
2016-09-27,0.006144122835759156,1.0447853574878148,104.47853574878148
2016-09-28,0.0026938592209458066,1.0475998621569924,104.75998621569924
2016-09-29,-0.010755748915360644,1.0363321410758652,103.63321410758653
2016-09-30,0.00946111706440421,1.0461370007801885,104.61370007801885
2016-10-03,-0.0024334162797496972,1.0435913139716415,104.35913139716415
2016-10-04,-0.00508845918901287,1.0382810421604884,103.82810421604884
2016-10-05,0.004485974326333188,1.042938744259139,104.29387442591388
2016-10-06,-0.0014746040252104577,1.0414008225888065,104.14008225888065
2016-10-07,-0.003125631325457668,1.0381457875553657,103.81457875553657
2016-10-10,0.007087590044431524,1.0455037393039117,104.55037393039117
2016-10-11,-0.013948165527614083,1.0309208800883611,103.09208800883611
2016-10-12,0.00017526534089164594,1.0311015647878423,103.11015647878423
2016-10-13,-0.0016490472885806193,1.0294012295481776,102.94012295481775
2016-10-14,-0.0018759677958611442,1.0274701059925253,102.74701059925253
2016-10-17,-0.0022952376074995527,1.0251118179646697,102.51118179646697
2016-10-18,0.005745478702364113,1.0310015760823275,103.10015760823275
2016-10-19,0.0006372665893296086,1.0316585989403109,103.16585989403109
2016-10-20,-0.0006252021167513999,1.0310136038004887,103.10136038004887
2016-10-21,-0.006528150741143613,1.0242829915787093,102.42829915787092
2016-10-24,0.001361675858856489,1.0256777330009792,102.56777330009793
2016-10-25,-0.0030767675856511376,1.0225219609987577,102.25219609987577
2016-10-26,-0.000871677742051424,1.0216306513645963,102.16306513645964
2016-10-27,4.817032000351115e-05,1.021679863639998,102.1679863639998
2016-10-28,-0.011180937687514299,1.010256524748051,101.0256524748051
2016-10-31,0.002222615055387574,1.0125019361097598,101.25019361097598
2016-11-01,-0.00835193275463308,1.0040455880254353,100.40455880254353
2016-11-02,-0.005209188112064238,0.9988153256843226,99.88153256843226
2016-11-03,-0.00646264854174324,0.992360333276318,99.2360333276318
2016-11-04,0.0026258205612904534,0.994966093443644,99.4966093443644
2016-11-07,0.02299416770497608,1.017844510657052,101.7844510657052
2016-11-08,-0.0015677599035144275,1.0162487748452316,101.62487748452315
2016-11-09,0.0217373166037329,1.038339296212198,103.8339296212198
2016-11-10,0.011895329057417248,1.0506906838138892,105.06906838138892
2016-11-11,-0.00015765391087836688,1.0505250383184623,105.05250383184624
2016-11-14,0.004324760907223957,1.055068307936242,105.50683079362419
2016-11-15,0.004820403540835261,1.0601541629436408,106.01541629436409
2016-11-16,-0.0016993204182768288,1.0583526213280297,105.83526213280297
2016-11-17,0.0051436276150531295,1.0637963930975565,106.37963930975565
2016-11-18,-0.0037941627615137854,1.059760176437033,105.9760176437033
2016-11-21,0.006240324336037715,1.0663734236564166,106.63734236564166
2016-11-22,0.0033071910947793685,1.0699001243468425,106.99001243468425
2016-11-23,0.0021821449399459973,1.0722348014894334,107.22348014894334
2016-11-25,0.004902153413717076,1.077491060981861,107.7491060981861
2016-11-28,-0.004803600171296624,1.072315224736758,107.2315224736758
2016-11-29,0.002492781567709856,1.0749882723637565,107.49882723637565
2016-11-30,-0.006463775449924238,1.0680397895598952,106.80397895598952
2016-12-01,-0.0004970000095179788,1.0675089737743184,106.75089737743184
2016-12-02,0.002017152869688243,1.0696623025641852,106.96623025641851
2016-12-05,0.0038930072760580765,1.0738265056909926,107.38265056909925
2016-12-06,0.005087616185425109,1.0792897228016847,107.92897228016847
2016-12-07,0.013663152293629412,1.0940362226532732,109.40362226532731
2016-12-08,0.002912826701420277,1.0972229605749386,109.72229605749386
2016-12-09,0.0062253661283635745,1.1040535752289646,110.40535752289647
2016-12-12,-0.0007413301534822511,1.1032351070225876,110.32351070225876
2016-12-13,0.00663498125344599,1.110555051275826,111.05550512758259
2016-12-14,-0.008655889374795302,1.1009422096073622,110.09422096073622
2016-12-15,0.005243575341397831,1.1067150830299632,110.67150830299633
2016-12-16,-0.001322213005513633,1.105251769953783,110.52517699537829
2016-12-19,0.0013169181214650841,1.1067072960384166,110.67072960384165
2016-12-20,0.0037181218977579596,1.1108221686702255,111.08221686702255
2016-12-21,-0.003867855204562217,1.1065256693637913,110.65256693637913
2016-12-22,-0.0028084137479063857,1.1034180874615387,110.34180874615387
2016-12-23,0.0022285832866628377,1.105877146569457,110.5877146569457
2016-12-27,0.001627166848665272,1.1076765932010515,110.76765932010515
2016-12-28,-0.009023923224743602,1.0976810046661598,109.76810046661598
2016-12-29,-0.00012215221901788856,1.097546920495666,109.7546920495666
2016-12-30,-0.004709409210858656,1.0923781229189342,109.23781229189342
2017-01-03,0.012601152540567637,1.1061433462778145,110.61433462778145
2017-01-04,0.00842673130385292,1.1154645190404424,111.54645190404425
2017-01-05,-0.0045378566699696855,1.1104027009326003,111.04027009326003
2017-01-06,-0.00295887109000542,1.1071171624825469,110.71171624825469
2017-01-09,-0.003631609090227931,1.1030965457313278,110.30965457313278
2017-01-10,0.0026853268547329754,1.1060587205089432,110.60587205089432
2017-01-11,0.0008329985167525266,1.1069800657825684,110.69800657825684
2017-01-12,-0.0030557349041088946,1.1035974281574037,110.35974281574038
2017-01-13,0.0008383296473090569,1.1045226066001221,110.45226066001221
2017-01-17,-0.0038907769505,1.1002251555010563,110.02251555010562
2017-01-18,-3.555962637309803e-05,1.1001860319056003,110.01860319056003
2017-01-19,-0.0056704272070242055,1.0939475070974949,109.39475070974949
2017-01-20,0.004808786815793801,1.0992080674467959,109.9208067446796
2017-01-23,-0.00491382255306943,1.09380675405446,109.380675405446
2017-01-24,0.005080293850001028,1.0993636137801723,109.93636137801724
2017-01-25,0.010788028833729073,1.1112235801443853,111.12235801443853
2017-01-26,-0.0017232651193047942,1.1093086473089735,110.93086473089735
2017-01-27,-0.001208005352957499,1.1079685965249422,110.79685965249422
2017-01-30,-0.00586323739669703,1.1014723136154312,110.14723136154312
2017-01-31,0.0015399772818586177,1.1031685559549953,110.31685559549953
2017-02-01,0.0004642455294483515,1.1036806970253255,110.36806970253255
2017-02-02,-0.0021120976270249405,1.1013496156441451,110.13496156441451
2017-02-03,0.006554043429334387,1.1085679088559575,110.85679088559574
2017-02-06,-0.0020115798393944787,1.106337935999903,110.6337935999903
2017-02-07,-0.001382970657585158,1.104807903097042,110.48079030970419
2017-02-08,-0.0013388944749952027,1.1033286818996542,110.33286818996541
2017-02-09,0.005886720854958148,1.1098236698612665,110.98236698612665
2017-02-10,0.002894016840711178,1.1130355182520648,111.30355182520648
2017-02-13,0.0049523225485027175,1.118547629146389,111.8547629146389
2017-02-14,0.0038971128512785497,1.1229067354867026,112.29067354867026
2017-02-15,0.006342193013749206,1.1300284267395984,113.00284267395983
2017-02-16,-0.00026223586999824086,1.1297320927519896,112.97320927519895
2017-02-17,0.001419366972279529,1.131335597171966,113.1335597171966
2017-02-21,0.005274810840339055,1.1373031784439902,113.73031784439902
2017-02-22,-0.0011883697002942227,1.135951641806679,113.59516418066791
2017-02-23,0.0014157177415055346,1.137559828699477,113.7559828699477
2017-02-24,0.003871353875733605,1.1419637253511916,114.19637253511917
2017-02-27,0.0020371490337162813,1.1442900756508299,114.42900756508298
2017-02-28,-0.004468819098774309,1.1391764503062236,113.91764503062237
2017-03-01,0.013552183231810788,1.1546147782941374,115.46147782941374
2017-03-02,-0.004942304508094896,1.1489083204702613,114.89083204702612
2017-03-03,0.0016409561414440993,1.1507936286346931,115.07936286346931
2017-03-06,-0.005869004906138697,1.144039615182283,114.40396151822829
2017-03-07,-0.00524335223546666,1.1380410125085545,113.80410125085545
2017-03-08,-0.0012202092892664156,1.1366523642935256,113.66523642935256
2017-03-09,-0.0010419453888198568,1.1354680346038588,113.54680346038589
2017-03-10,0.0033164553105079113,1.1392337635971326,113.92337635971326
2017-03-13,-0.00073061324384294,1.1384014243216154,113.84014243216154
2017-03-14,-0.004825132056456685,1.1329084871160051,113.29084871160052
2017-03-15,0.011128523218118934,1.1455160855188795,114.55160855188795
2017-03-16,-0.0036009000168545965,1.1413911966272272,114.13911966272272
2017-03-17,-0.002761350555809521,1.1382394154120246,113.82394154120246
2017-03-20,-0.00251110349970457,1.1353811784324819,113.53811784324819
2017-03-21,-0.013339755267521698,1.120235471376842,112.0235471376842
2017-03-22,0.0016023212928358945,1.1220304485256194,112.20304485256194
2017-03-23,-0.0009199331302193722,1.1209982555429059,112.09982555429059
2017-03-24,-0.0015620059496146222,1.1192472495982402,111.92472495982402
2017-03-27,-0.00037342154595759974,1.1188292985599864,111.88292985599864
2017-03-28,0.005678325201150231,1.1251823751617849,112.51823751617849
2017-03-29,-0.0009845302815301865,1.124074599041194,112.4074599041194
2017-03-30,0.001845257814165734,1.12614880647878,112.614880647878
2017-03-31,-0.0015896163076120037,1.1243586619712034,112.43586619712033
2017-04-03,-0.003374309950950509,1.1205647273496764,112.05647273496764
2017-04-04,-0.0005810082249409758,1.1199136700265075,111.99136700265075
2017-04-05,-0.005050229511455137,1.1142578489598576,111.42578489598576
2017-04-06,0.0027080332273300436,1.1172752962386543,111.72752962386542
2017-04-07,0.0006379828781381824,1.1179880987478215,111.79880987478215
2017-04-10,0.0007505975094713679,1.1188272578303602,111.88272578303602
2017-04-11,0.00018996978469098803,1.1190398012036367,111.90398012036367
2017-04-12,-0.004578040217588918,1.1139167919886437,111.39167919886437
2017-04-13,-0.007970927679288586,1.105037841798957,110.5037841798957
2017-04-17,0.007382227078167786,1.1131954820770855,111.31954820770855
2017-04-18,-0.00317612578007974,1.1096598332081922,110.96598332081922
2017-04-19,-0.0008198531044645185,1.108750075149037,110.87500751490369
2017-04-20,0.009227838813160487,1.1189814421265918,111.89814421265918
2017-04-21,-0.005465517761527101,1.1128656291798296,111.28656291798296
2017-04-24,0.010043708214598282,1.1240429268413672,112.40429268413672
2017-04-25,0.005249126682239478,1.1299431705606326,112.99431705606327
2017-04-26,0.003373930044168061,1.1337555197719895,113.37555197719895
2017-04-27,-0.0008834891372542289,1.132753859085969,113.27538590859689
2017-04-28,-0.006464517034849503,1.1254311524676162,112.54311524676162
2017-05-01,-0.0024575746592450276,1.122665321386587,112.26653213865869
2017-05-02,0.002809039289157218,1.1258189323829362,112.58189323829362
2017-05-03,-0.003105062270118665,1.1223231944930088,112.23231944930087
2017-05-04,-0.0013353458941166266,1.1208245048233707,112.08245048233707
2017-05-05,0.005182070057554281,1.126632695929589,112.6632695929589
2017-05-08,-0.002473497446079761,1.1238459728335373,112.38459728335373
2017-05-09,-0.0005355658927945801,1.123244079261733,112.32440792617331
2017-05-10,0.00042565581816373147,1.1237221946392888,112.37221946392889
2017-05-11,-0.004089692680877052,1.1191265162045334,111.91265162045335
2017-05-12,-0.00522656378578933,1.1132773300832222,111.32773300832221
2017-05-15,0.0024288458366897277,1.1159813090914759,111.59813090914759
2017-05-16,-0.003194278978418048,1.1124165534555375,111.24165534555375
2017-05-17,-0.018782676483822258,1.0915223932167335,109.15223932167335
2017-05-18,0.0028304499771555566,1.0946118927496786,109.46118927496786
2017-05-19,0.008081979333753209,1.103458523445362,110.3458523445362
2017-05-22,0.006836286273767605,1.1110020818028634,111.10020818028634
2017-05-23,0.001999387382293531,1.1132234053469219,111.32234053469219
2017-05-24,0.0011439004020309628,1.1144968220478486,111.44968220478486
2017-05-25,0.005532654919159252,1.120662948372739,112.0662948372739
2017-05-26,0.00012172260725603116,1.1207993583886702,112.07993583886702
2017-05-30,2.5631460574840662e-05,1.1208280861132371,112.08280861132371
2017-05-31,0.001985552653532992,1.1230535492937737,112.30535492937736
2017-06-01,0.010746218669832873,1.1351221283124164,113.51221283124164
2017-06-02,0.0019606526188804332,1.1373477084860413,113.73477084860413
2017-06-05,-0.002395867117998725,1.1346227745095483,113.46227745095483
2017-06-06,-0.00396167548522821,1.1301277672787922,113.01277672787921
2017-06-07,0.002154864728873716,1.132563039743622,113.2563039743622
2017-06-08,0.0006403860841537653,1.1332883173537005,113.32883173537004
2017-06-09,0.006800844639244031,1.1409956351314934,114.09956351314933
2017-06-12,0.0013590354046407905,1.1425462885961777,114.25462885961777
2017-06-13,0.0015149704890093823,1.1442772125057281,114.42772125057282
2017-06-14,-0.0015393548517993946,1.142515763826854,114.2515763826854
2017-06-15,-0.003050938836206438,1.1390300181120165,113.90300181120165
2017-06-16,-0.0012505196652844723,1.1376056386750182,113.76056386750182
2017-06-19,0.006780523412373574,1.1453192003421024,114.53192003421024
2017-06-20,-0.007278765100262603,1.1369826909179916,113.69826909179916
2017-06-21,-0.0009127027266957882,1.135944963715785,113.5944963715785
2017-06-22,0.002634515777001928,1.1389376286445003,113.89376286445003
2017-06-23,0.0012285001567486488,1.140336813699817,114.03368136998171
2017-06-26,0.0030754085444923583,1.1438438152802688,114.38438152802688
2017-06-27,-0.006624253421893963,1.1362667039727863,113.62667039727863
2017-06-28,0.009568733278368657,1.147139336996193,114.7139336996193
2017-06-29,-0.007762761298554342,1.1382343681469098,113.82343681469098
2017-06-30,0.0013494554858914333,1.1397703647592359,113.97703647592358
2017-07-03,0.005664626075266538,1.1462267376872672,114.62267376872673
2017-07-05,0.0009025495386027153,1.147261264100501,114.72612641005011
2017-07-06,-0.013177374465091957,1.1321433728141541,113.21433728141541
2017-07-07,0.005791512621820764,1.1387001954475182,113.87001954475183
2017-07-10,-0.0030231461175090147,1.1352577383726443,113.52577383726444
2017-07-11,-0.0005745382333022218,1.134605489397297,113.4605489397297
2017-07-12,0.004288161231149111,1.1394708606695796,113.94708606695797
2017-07-13,-0.0007252816054394267,1.1386444234144018,113.86444234144018
2017-07-14,0.003710600452266702,1.1428694779268942,114.28694779268942
2017-07-17,0.0015231929884492851,1.1446102887023852,114.46102887023852
2017-07-18,-0.0026543534835198317,1.1415720883952953,114.15720883952953
2017-07-19,0.004365710652817987,1.1465558618225622,114.65558618225622
2017-07-20,0.002200501461682731,1.1490788596724038,114.90788596724038
2017-07-21,-0.0014510799367019312,1.1474114543934448,114.74114543934448
2017-07-24,-0.004481324099618984,1.1422695317906926,114.22695317906926
2017-07-25,0.0025092768867543635,1.1451358023252587,114.51358023252587
2017-07-26,0.0016119598548550045,1.1469817152669641,114.69817152669641
2017-07-27,0.0029311962847094262,1.1503437438093842,115.03437438093842
2017-07-28,0.0007330200010628337,1.151186968781694,115.1186968781694
2017-07-31,0.001003216281931805,1.1523418582923235,115.23418582923235
2017-08-01,0.001605642885028017,1.1541921077982105,115.41921077982104
2017-08-02,-0.0025452422649957156,1.151254409263518,115.1254409263518
2017-08-03,-0.0006887888224521668,1.1504614380946185,115.04614380946185
2017-08-04,0.0016417226307510247,1.1523501766733448,115.23501766733449
2017-08-07,-0.0013331715917949418,1.150813896154004,115.0813896154004
2017-08-08,-0.0023455521434879237,1.148114602153124,114.81146021531241
2017-08-09,-0.0012753476174856403,1.1466503569306676,114.66503569306677
2017-08-10,-0.011898181926511,1.1330073023778078,113.30073023778078
2017-08-11,-0.00020130367711324276,1.132779223841643,113.2779223841643
2017-08-14,0.009359568866254784,1.1433815489974517,114.33815489974518
2017-08-15,-0.0035454871075703684,1.1393277044564474,113.93277044564473
2017-08-16,0.0025810788988188107,1.1422683991532596,114.22683991532597
2017-08-17,-0.01550798036660545,1.124554123245797,112.4554123245797
2017-08-18,-0.0016716613325759148,1.1226742496015782,112.26742496015783
2017-08-21,0.002301658292989719,1.1252582620984999,112.52582620984998
2017-08-22,0.009944230114828999,1.1364480891954198,113.64480891954199
2017-08-23,-0.002778231956766038,1.1332907727968113,113.32907727968113
2017-08-24,-0.0020175627836330748,1.1310042875105817,113.10042875105817
2017-08-25,0.005193099169054362,1.1368777049362497,113.68777049362497
2017-08-28,0.0008261228163146769,1.137816905547657,113.7816905547657
2017-08-29,0.00030958401414861767,1.1381691554726427,113.81691554726427
2017-08-30,0.002164037896772582,1.1406321966580233,114.06321966580234
2017-08-31,0.0052546557983146735,1.1466258262439368,114.66258262439368
2017-09-01,0.005225800478857194,1.1526178640357925,115.26178640357925
2017-09-05,-0.01107353312862774,1.139854311933744,113.98543119337441
2017-09-06,0.0018554310809612506,1.1419692330518738,114.19692330518738
2017-09-07,-0.005265679488885747,1.135955989084454,113.5955989084454
2017-09-08,0.0013877967599843005,1.13753246512559,113.753246512559
2017-09-11,0.009998754852274135,1.148906373380884,114.8906373380884
2017-09-12,0.006618362204354253,1.1565102518988097,115.65102518988097
2017-09-13,0.0019254102015399364,1.1587370085360014,115.87370085360014
2017-09-14,-0.0012951077551625059,1.1572363192500525,115.72363192500525
2017-09-15,0.004687998537524173,1.1626614414222667,116.26614414222666
2017-09-18,0.0013410162936828107,1.1642205893592508,116.42205893592508
2017-09-19,0.0008346334012785417,1.165192286749586,116.51922867495861
2017-09-20,0.003922630847359486,1.1697629059566952,116.97629059566952
2017-09-21,-0.0014483077904706152,1.1680687292269947,116.80687292269947
2017-09-22,0.0034195145131736167,1.1720629571989707,117.20629571989707
2017-09-25,0.0029318214754256973,1.1754992365474375,117.54992365474375
2017-09-26,0.0007953208323030127,1.17643413557862,117.643413557862
2017-09-27,0.0048075080664297986,1.1820898521750376,118.20898521750377
2017-09-28,0.00038075797129034325,1.1825399423090348,118.25399423090349
2017-09-29,0.00191585795061437,1.1848055208594268,118.48055208594268
2017-10-02,0.009930859629652764,1.1965716581755195,119.65716581755194
2017-10-03,0.006337111829240962,1.204154466585078,120.4154466585078
2017-10-04,-0.0018003547820143492,1.2019865613328777,120.19865613328777
2017-10-05,0.0022002245469632813,1.2046312016702423,120.46312016702423
2017-10-06,-0.004138593267658187,1.1996457230889987,119.96457230889987
2017-10-09,-0.009941195543652989,1.187719810372664,118.7719810372664
2017-10-10,0.0019417898319728415,1.1900261126236784,119.00261126236784
2017-10-11,-0.002489479909461247,1.1870635665245675,118.70635665245675
2017-10-12,-0.006092941782883615,1.1798308573211511,117.98308573211511
2017-10-13,0.0001906538843498177,1.1800557966569754,118.00557966569754
2017-10-16,0.002252642641917053,1.1827140406643664,118.27140406643663
2017-10-17,0.002721420141335201,1.1859327024760704,118.59327024760704
2017-10-18,0.0031326102233938374,1.189647767384104,118.9647767384104
2017-10-19,0.004469739935395847,1.1949651835190351,119.49651835190352
2017-10-20,0.008436371978552295,1.2050463543086207,120.50463543086207
2017-10-23,-0.012215616410010444,1.190325970288105,119.0325970288105
2017-10-24,-0.0017543412198080823,1.1882377323734206,118.82377323734205
2017-10-25,-0.007472861155829162,1.1793581967792768,117.93581967792768
2017-10-26,-0.0018924837006503085,1.1771262806146436,117.71262806146436
2017-10-27,-0.0034195868877372523,1.173100995020243,117.31009950202429
2017-10-30,-0.009887600212276106,1.1615018413728595,116.15018413728595
2017-10-31,-0.0014049198243338713,1.1598700244099145,115.98700244099145
2017-11-01,0.0018008898880110635,1.1619588226082815,116.19588226082816
2017-11-02,-0.002055749106323672,1.1595701267971197,115.95701267971197
2017-11-03,0.001098871376307846,1.1608443452182786,116.08443452182786
2017-11-06,-0.002802329146775147,1.1575912772748043,115.75912772748043
2017-11-07,-0.00028638284066393523,1.1572597629964905,115.72597629964905
2017-11-08,-0.0011087594825389172,1.1559766402605074,115.59766402605074
2017-11-09,-0.0029484292794929277,1.1525683248879535,115.25683248879534
2017-11-10,0.002981283797147512,1.1560044581600473,115.60044581600472
2017-11-13,-0.009799971786613983,1.144675647084879,114.46756470848788
2017-11-14,-0.011351185028595764,1.1316822220170908,113.16822220170909
2017-11-15,-0.0021003921406479893,1.129305245572255,112.9305245572255
2017-11-16,0.009621920610842098,1.1401713309905588,114.01713309905588
2017-11-17,-0.0015264669144121076,1.1384308971770405,113.84308971770405
2017-11-20,0.0010518820792960403,1.1396283922362977,113.96283922362977
2017-11-21,0.005767247664330567,1.1462009114196274,114.62009114196275
2017-11-22,0.000978043294679183,1.1473219455353965,114.73219455353964
2017-11-24,0.00015572894319696863,1.1475006167694815,114.75006167694815
2017-11-27,-0.0014645376308081194,1.145820058934847,114.5820058934847
2017-11-28,0.01580970236721519,1.1639351330329921,116.39351330329922
2017-11-29,0.009990661645945718,1.1755636151249536,117.55636151249536
2017-11-30,0.00715825718695342,1.1839786018216427,118.39786018216427
2017-12-01,-0.0029699189503995856,1.180462281335225,118.0462281335225
2017-12-04,0.004480371676880462,1.185751191106145,118.5751191106145
2017-12-05,-0.004562171223130629,1.1803415911442876,118.03415911442876
2017-12-06,-0.003321900782031229,1.1764206134896014,117.64206134896014
2017-12-07,0.002237641577250065,1.1790530211666796,117.90530211666797
2017-12-08,0.006186263052592849,1.186346953308571,118.63469533085711
2017-12-11,0.0035969492864044274,1.1906141831357024,119.06141831357024
2017-12-12,0.006604328936401763,1.198477390837476,119.8477390837476
2017-12-13,-0.0018903681163869126,1.1962118273896263,119.62118273896263
2017-12-14,-0.007910260557628172,1.1867494801528577,118.67494801528578
2017-12-15,0.011263764592174787,1.2001167469271852,120.01167469271851
2017-12-18,0.007349786118519571,1.2089373483343535,120.89373483343535
2017-12-19,-0.004303363933604442,1.2037348509515442,120.37348509515442
2017-12-20,0.002400325854532065,1.2066242068362845,120.66242068362844
2017-12-21,0.00136518807723649,1.2082714758171624,120.82714758171625
2017-12-22,-0.0013532436118378925,1.206636390161147,120.6636390161147
2017-12-26,-0.00014336150829724885,1.206463404948287,120.64634049482869
2017-12-27,-0.0007353882677015268,1.2055761859148768,120.55761859148768
2017-12-28,0.0018222398710166646,1.207773034908399,120.7773034908399
2017-12-29,-0.005381891300782011,1.2012729317185065,120.12729317185065
2018-01-02,0.012647548414199393,1.2164660892810837,121.64660892810836
2018-01-03,0.003964907598553944,1.2212892649218574,122.12892649218574
2018-01-04,0.005382848976743669,1.22786328059185,122.786328059185
2018-01-05,0.00554576424809153,1.2346727208749007,123.46727208749006
2018-01-08,-0.0007769843581816591,1.2337133994833074,123.37133994833074
2018-01-09,0.0014583920737920614,1.235512637326445,123.55126373264449
2018-01-10,0.0030630908122254536,1.2392971247342282,123.92971247342281
2018-01-11,0.012035505424133399,1.2542126920010799,125.42126920010799
2018-01-12,0.006711375729279714,1.2626301846215306,126.26301846215307
2018-01-16,-0.006169024585137432,1.2548409879706637,125.48409879706637
2018-01-17,0.0036320991923844887,1.2593986949096427,125.93986949096427
2018-01-18,-0.004105240120798921,1.2542285608592179,125.42285608592178
2018-01-19,-1.8906548973733617e-06,1.2542261895458469,125.42261895458469
2018-01-22,0.007228911096471231,1.2632928791649396,126.32928791649395
2018-01-23,0.0016724613535221192,1.2654056876835227,126.54056876835227
2018-01-24,-0.004357255241019804,1.2598919921188474,125.98919921188474
2018-01-25,-0.0034802212342958175,1.2555072892549561,125.55072892549562
2018-01-26,0.013347461587809029,1.2722651245715009,127.2265124571501
2018-01-29,-0.0038503629517586805,1.2673664420710362,126.73664420710362
2018-01-30,-0.014923537254262879,1.2484528517579865,124.84528517579865
2018-01-31,-0.003775441357860734,1.24373939122812,124.373939122812
2018-02-01,0.0013712217994562535,1.2454448337942143,124.54448337942144
2018-02-02,-0.02469414009339473,1.2146896445899051,121.46896445899051
2018-02-05,-0.04487768981040951,1.1601771795040827,116.01771795040827
2018-02-06,0.01781513270387608,1.1808458899169565,118.08458899169565
2018-02-07,0.0004560035594224568,1.1813843598458882,118.13843598458882
2018-02-08,-0.03887498617390546,1.135458059190811,113.5458059190811
2018-02-09,0.014746455540504036,1.1522020409787754,115.22020409787754
2018-02-12,0.010588452551471087,1.1644020776193873,116.44020776193872
2018-02-13,0.00016522947917954047,1.1645944711682281,116.45944711682282
2018-02-14,0.012352736725899125,1.1789804000630069,117.89804000630069
2018-02-15,0.00916705242733915,1.1897881752011896,118.97881752011897
2018-02-16,0.0033993951368356473,1.193832735337833,119.38327353378331
2018-02-20,-0.00920184234967985,1.1828472747153673,118.28472747153673
2018-02-21,-0.007160124561245769,1.1743779408914752,117.43779408914752
2018-02-22,0.001663002615529248,1.1763309344787976,117.63309344787976
2018-02-23,0.012305727780529598,1.1908065427383097,119.08065427383096
2018-02-26,0.016642877613029752,1.2106249902898985,121.06249902898985
2018-02-27,-0.010649241409625,1.1977327525117765,119.77327525117765
2018-02-28,-0.013362977094005253,1.1817274771752218,118.17274771752217
2018-03-01,-0.013138785986016735,1.1662010127588212,116.62010127588212
2018-03-02,0.006373329391752017,1.173633595950128,117.36335959501281
2018-03-05,0.010539845090763758,1.1860035122447583,118.60035122447583
2018-03-06,0.005115491764626604,1.1920705034444645,119.20705034444646
2018-03-07,-0.00010889889625606758,1.19194068828238,119.194068828238
2018-03-08,0.0011581699545664462,1.193321158175174,119.33211581751739
2018-03-09,0.017839691957995445,1.2146096400439774,121.46096400439774
2018-03-12,-0.0011138715472096185,1.2132567209249658,121.32567209249659
2018-03-13,-0.005974183144423476,1.2060085030729575,120.60085030729574
2018-03-14,-0.007955599316243993,1.1964139826505258,119.64139826505257
2018-03-15,-0.0004102281110889188,1.1959231800023427,119.59231800023427
2018-03-16,0.0019907997399653743,1.1983040235581097,119.83040235581097
2018-03-19,-0.014261694174315713,1.181214178046272,118.1214178046272
2018-03-20,-0.002744888060976054,1.177971877351497,117.7971877351497
2018-03-21,0.0011918575089337191,1.1793758519788313,117.93758519788314
2018-03-22,-0.026883750337519524,1.147669806020133,114.76698060201329
2018-03-23,-0.02162504699181165,1.1228513925338641,112.28513925338642
2018-03-26,0.022067167927701845,1.1476295427707628,114.76295427707628
2018-03-27,-0.008025695224051808,1.1384190178303666,113.84190178303666
2018-03-28,0.002326891898926298,1.1410679958205396,114.10679958205397
2018-03-29,0.010529724630648017,1.1530831276013753,115.30831276013754
2018-04-02,-0.021079175271378783,1.1287770862521962,112.87770862521963
2018-04-03,0.015816631237076592,1.146630537174309,114.66305371743091
2018-04-04,0.012729505072154462,1.1612265764131566,116.12265764131567
2018-04-05,0.004113614865745285,1.1660034153203882,116.60034153203883
2018-04-06,-0.021562913136962313,1.1408609849584332,114.08609849584333
2018-04-09,0.0007480639875260145,1.141714421976054,114.1714421976054
2018-04-10,0.014354051850066055,1.1581026499870664,115.81026499870663
2018-04-11,-0.007345679856982019,1.149595598678739,114.95955986787389
2018-04-12,0.005531587350289923,1.1559546871503392,115.59546871503392
2018-04-13,-0.0015314972230569134,1.154184345756989,115.4184345756989
2018-04-16,0.010034347439629242,1.1657658324916955,116.57658324916954
2018-04-17,0.006155959239377794,1.1729422394391738,117.29422394391737
2018-04-18,0.0008816465544472408,1.173976359923141,117.3976359923141
2018-04-19,-0.006008087240703485,1.1669230075341992,116.69230075341991
2018-04-20,-0.0065315103698867834,1.1593012378096301,115.93012378096302
2018-04-23,0.0023280644821069506,1.1620001658454373,116.20001658454373
2018-04-24,-0.008767170232842481,1.1518127125808792,115.18127125808792
2018-04-25,0.00513359039316727,1.1577256472569124,115.77256472569124
2018-04-26,0.004064474328403045,1.162431193429522,116.2431193429522
2018-04-27,0.001862999752983777,1.1645968024557418,116.45968024557418
2018-04-30,-0.014583704842098645,1.1476126664286754,114.76126664286754
2018-05-01,2.0808669480717535e-05,1.147636546721343,114.7636546721343
2018-05-02,-0.00860438095455208,1.1377618446759858,113.77618446759858
2018-05-03,-0.008001767079745672,1.128657739402667,112.86577394026669
2018-05-04,0.0105937450268798,1.1406144517165133,114.06144517165133
2018-05-07,4.533988315920097e-05,1.1406661670424838,114.06661670424837
2018-05-08,-0.005425793854170222,1.1344771475636848,113.44771475636848
2018-05-09,0.005919152057861522,1.1411922903062832,114.11922903062832
2018-05-10,0.010901753803526877,1.1536332876976854,115.36332876976854
2018-05-11,0.005506958916571462,1.1599862988178258,115.99862988178258
2018-05-14,0.004019320527365812,1.1646486555601272,116.46486555601273
2018-05-15,-0.005896760134411622,1.1577810017974242,115.77810017974241
2018-05-16,0.007528286046220742,1.166497108357835,116.64971083578351
2018-05-17,0.0010908790270001986,1.167769615588399,116.7769615588399
2018-05-18,-0.001154441072030674,1.1664214943814943,116.64214943814943
2018-05-21,0.006606821725508523,1.174127833251674,117.4127833251674
2018-05-22,-0.0035613232836671557,1.169946384461113,116.99463844611131
2018-05-23,-0.002338229801626932,1.1672107809586605,116.72107809586605
2018-05-24,-0.00023099488331628133,1.1669411612405074,116.69411612405074
2018-05-25,-0.001507190568447355,1.1651823585283527,116.51823585283528
2018-05-29,-0.011510279677885558,1.151770783705953,115.1770783705953
2018-05-30,0.014066944930667551,1.1679726798930965,116.79726798930965
2018-05-31,-0.009410284538026836,1.1569817246426608,115.69817246426608
2018-06-01,0.006933559332982191,1.165003726077647,116.50037260776469
2018-06-04,0.003730151850878343,1.1693493668827555,116.93493668827554
2018-06-05,0.0007330012513230718,1.1702065014319145,117.02065014319145
2018-06-06,0.008994391602686055,1.1807317969618023,118.07317969618023
2018-06-07,0.0020824287174076037,1.1831905867633519,118.31905867633519
2018-06-08,0.0034707662989464,1.1872971647771207,118.72971647771206
2018-06-11,0.001899736684230803,1.189552716756131,118.9552716756131
2018-06-12,-0.0005892793364361014,1.1888517379205452,118.88517379205452
2018-06-13,-0.004409038570186459,1.1836100447538203,118.36100447538203
2018-06-14,0.0010449150719634276,1.1848468167289108,118.48468167289109
2018-06-15,0.0012689484632364882,1.1863503262761694,118.63503262761694
2018-06-18,-0.00512054222071499,1.1802755693419134,118.02755693419134
2018-06-19,-0.0018791941815857667,1.178057602359338,117.8057602359338
2018-06-20,0.0008405451455091517,1.1790478129581314,117.90478129581314
2018-06-21,-0.006255273096239836,1.171672546894554,117.16725468945539
2018-06-22,0.0024597799786073436,1.1745546035668888,117.45546035668887
2018-06-25,-0.011077151693667263,1.161543884050683,116.1543884050683
2018-06-26,-0.0004512995008069568,1.1610196798756458,116.10196798756458
2018-06-27,-0.008152213634970325,1.1515547994108948,115.15547994108948
2018-06-28,0.0012348177368016002,1.1529767597021063,115.29767597021063
2018-06-29,-0.0013461541729676157,1.1514246752256987,115.14246752256987
2018-07-02,0.003708665853046592,1.1556949246010635,115.56949246010635
2018-07-03,-0.001706835113935687,1.153722343922757,115.37223439227571
2018-07-05,0.008361157226343733,1.1633687978358411,116.33687978358411
2018-07-06,0.00943574426119002,1.1743460482936683,117.43460482936683
2018-07-09,0.007557524963611471,1.1832211978695661,118.32211978695662
2018-07-10,0.0029634200110478914,1.186727579244829,118.67275792448291
2018-07-11,-0.00995882952201941,1.174909161594051,117.4909161594051
2018-07-12,0.005674225631654111,1.1815758612736333,118.15758612736333
2018-07-13,0.003000206516632844,1.1851208328725225,118.51208328725224
2018-07-16,-0.0037165632450063026,1.180716256344177,118.07162563441771
2018-07-17,0.0008695271555581464,1.1817429211920774,118.17429211920773
2018-07-18,0.010093903735113468,1.193671320478242,119.36713204782421
2018-07-19,-0.003939217637153303,1.1889691893596501,118.89691893596502
2018-07-20,-0.005824351772861198,1.1820442145537258,118.20442145537258
2018-07-23,0.0007165316165821329,1.1828911866056513,118.28911866056512
2018-07-24,0.0032981460239048617,1.1867925344694668,118.67925344694667
2018-07-25,0.004888155446474982,1.1925937608606696,119.25937608606696
2018-07-26,0.0053757458387384245,1.1990048418079218,119.90048418079218
2018-07-27,-0.002093057590130837,1.196495255623172,119.64952556231721
2018-07-30,0.0015699875656244185,1.198373738296829,119.83737382968289
2018-07-31,0.0060810550550649545,1.205661114975956,120.5661114975956
2018-08-01,-0.004324889982712224,1.2004467632972509,120.04467632972509
2018-08-02,0.0010211889651931486,1.2016726462852318,120.16726462852318
2018-08-03,0.009353316538549851,1.2129122709216544,121.29122709216544
2018-08-06,0.0061163317665507925,1.2203308447743317,122.03308447743318
2018-08-07,0.003823647416723255,1.224996959656501,122.49969596565009
2018-08-08,0.00012155778309538086,1.2251458675712152,122.51458675712152
2018-08-09,-0.0006535402989302669,1.2243451853746896,122.43451853746896
2018-08-10,-0.006922346175132311,1.2158698441636695,121.58698441636695
2018-08-13,-0.0038740670945704007,1.2111594828091146,121.11594828091145
2018-08-14,0.005077562988131026,1.21730922137175,121.730922137175
2018-08-15,-0.0059825296638063834,1.2100266328448683,121.00266328448683
2018-08-16,0.010064178325655197,1.222204556656611,122.2204556656611
2018-08-17,0.004858253791612312,1.2281423365781141,122.81423365781141
2018-08-20,0.005131175822654823,1.2344441508423425,123.44441508423425
2018-08-21,0.0025474292348315647,1.237588809960965,123.75888099609651
2018-08-22,-0.0033288559705049016,1.2334690550618965,123.34690550618966
2018-08-23,-0.0016928009568626663,1.2313810374652272,123.13810374652272
2018-08-24,0.004631633418800113,1.2370843430296279,123.70843430296279
2018-08-27,0.005790276885850119,1.2442474039069196,124.42474039069195
2018-08-28,0.0004939858050696819,1.2448620444624443,124.48620444624443
2018-08-29,0.003016052604774985,1.2486166138742307,124.86166138742307
2018-08-30,-0.004511360175858931,1.2429836546074826,124.29836546074826
2018-08-31,-0.001850272918238196,1.2406837956135497,124.06837956135497
2018-09-04,-0.002723417809948267,1.2373048952680616,123.73048952680617
2018-09-05,0.0028374330493371137,1.2408156650700017,124.08156650700018
2018-09-06,-0.003116765034486992,1.2369483341908678,123.69483341908678
2018-09-07,0.0003606425074371574,1.2373944303396807,123.73944303396807
2018-09-10,0.0018100598623530433,1.2396341883319375,123.96341883319376
2018-09-11,0.00018516570532823846,1.239863726070769,123.9863726070769
2018-09-12,0.0023435873866444997,1.2427694550603463,124.27694550603464
2018-09-13,0.007135783369832568,1.251637588670302,125.1637588670302
2018-09-14,0.0015202528256583895,1.2535403942511782,125.35403942511782
2018-09-17,-0.0015992031681533216,1.2515357284812836,125.15357284812836
2018-09-18,0.0055548835327741495,1.2584878636901027,125.84878636901027
2018-09-19,-0.00037461268217584345,1.2580164181759999,125.80164181759999
2018-09-20,0.007120313502536911,1.2669738894647515,126.69738894647516
2018-09-21,0.0013835948922969604,1.2687268680668884,126.87268680668883
2018-09-24,-0.007036649290736051,1.259799282050568,125.9799282050568
2018-09-25,-0.005242313302549123,1.2531950195157324,125.31950195157324
2018-09-26,-0.001761992934100032,1.2509868987462962,125.09868987462963
2018-09-27,0.0016295408318122615,1.2530254329778656,125.30254329778656
2018-09-28,0.00010582371121350422,1.2531580327794283,125.31580327794283
2018-10-01,-0.0020885650026096,1.250540730769426,125.0540730769426
2018-10-02,0.001115132452877188,1.2519352493219518,125.19352493219517
2018-10-03,0.001142298879811756,1.2533653335548491,125.33653335548492
2018-10-04,-0.006105188020401393,1.2457133025352436,124.57133025352437
2018-10-05,-0.004970055595626944,1.2395220381654315,123.95220381654315
2018-10-08,0.002663078613578386,1.2428229827963289,124.28229827963288
2018-10-09,-0.0036517224709897156,1.2382845381825889,123.8284538182589
2018-10-10,-0.026992034242886213,1.2048607195255279,120.48607195255279
2018-10-11,-0.023267366111455925,1.1768267840510152,117.68267840510151
2018-10-12,0.00871078240152168,1.1870778660911663,118.70778660911662
2018-10-15,-0.0014993457782717886,1.1852980259041626,118.52980259041625
2018-10-16,0.02303748344834093,1.212604309557281,121.2604309557281
2018-10-17,-0.0004345432179882827,1.2120773805784595,121.20773805784594
2018-10-18,-0.012076771479619372,1.1974393990375978,119.74393990375978
2018-10-19,-0.003835263141180024,1.1928469038466722,119.28469038466723
2018-10-22,-0.011321725792109827,1.179341818289353,117.9341818289353
2018-10-23,-0.0036729510686456532,1.1750101534975685,117.50101534975686
2018-10-24,-0.03506293632832158,1.1338108473003519,113.38108473003518
2018-10-25,0.014511672139354682,1.1502643385844187,115.02643385844186
2018-10-26,-0.013684414543654,1.1345236445404476,113.45236445404477
2018-10-29,0.0023922169902474634,1.1372376712787549,113.72376712787549
2018-10-30,0.02013823454192736,1.1601396302328817,116.01396302328817
2018-10-31,0.002860296573328286,1.1634579736418191,116.34579736418192
2018-11-01,0.015325984695074627,1.1812891127392162,118.12891127392162
2018-11-02,-0.004870021961334642,1.1755362088174908,117.55362088174908
2018-11-05,0.0133809716707472,1.1912660255256151,119.12660255256151
2018-11-06,0.0029778556294169376,1.1948134437658597,119.48134437658598
2018-11-07,0.019790695072900627,1.218459632300432,121.8459632300432
2018-11-08,-0.003531696058363086,1.214156403219762,121.4156403219762
2018-11-09,-0.011024077184159438,1.200771449317026,120.0771449317026
2018-11-12,-0.011406442090135293,1.1870749193169035,118.70749193169034
2018-11-13,0.00041291738092932287,1.1875650831835547,118.75650831835547
2018-11-14,-0.00589635269923566,1.1805627805998073,118.05627805998074
2018-11-15,0.00484297278835257,1.186280214021194,118.62802140211942
2018-11-16,0.006361205689035629,1.1938263864674161,119.38263864674161
2018-11-19,-0.009798499963502984,1.1821286786631862,118.21286786631862
2018-11-20,-0.018053540473168463,1.1607870707184471,116.07870707184472
2018-11-21,0.0006839624686867329,1.1615810055089553,116.15810055089553
2018-11-23,-0.003613246107756133,1.1573839274619566,115.73839274619566
2018-11-26,0.012733326250113669,1.1721212746069676,117.21212746069676
2018-11-27,0.007264471377614827,1.1806361160574435,118.06361160574434
2018-11-28,0.019595634233608057,1.2037714295506927,120.37714295506927
2018-11-29,-0.00302904185609864,1.200125155505408,120.0125155505408
2018-11-30,0.010471122962634286,1.2126918135792557,121.26918135792558
2018-12-03,0.006195840020900332,1.2202054580508483,122.02054580508484
2018-12-04,-0.03407965021526749,1.1786212828497151,117.86212828497152
2018-12-06,-0.002183533311815385,1.176047724016598,117.6047724016598
2018-12-07,-0.023925999117649345,1.1479096072094634,114.79096072094634
2018-12-10,-0.0014076309902086612,1.146293774072397,114.6293774072397
2018-12-11,-0.0006249349699129565,1.1455774150071856,114.55774150071856
2018-12-12,0.005923604300938801,1.1523633623097804,115.23633623097804
2018-12-13,-0.004361545378173303,1.147337277212922,114.7337277212922
2018-12-14,-0.020598865885535854,1.1237034305141371,112.37034305141371
2018-12-17,-0.01872411994552064,1.1026630726979976,110.26630726979975
2018-12-18,-0.002479936560069768,1.099928538230575,109.9928538230575
2018-12-19,-0.016371668413935232,1.0819208729236396,108.19208729236396
2018-12-20,-0.013203533153218174,1.0676356948088335,106.76356948088335
2018-12-21,-0.016877152047567894,1.049617044856134,104.9617044856134
2018-12-24,-0.025455275958313497,1.0228987533287714,102.28987533287714
2018-12-26,0.0447755330671107,1.06869959028275,106.869959028275
2018-12-27,0.008543413964033825,1.077829933285729,107.7829933285729
2018-12-28,0.0014619089043758316,1.0794056224626023,107.94056224626023
2018-12-31,0.007761166567607602,1.0877830692925468,108.77830692925468
2019-01-02,0.0013270430388507822,1.0892266042424312,108.92266042424312
2019-01-03,-0.027859202395171184,1.0588816198206363,105.88816198206364
2019-01-04,0.03104992014658941,1.0917598095607584,109.17598095607583
2019-01-07,0.00886338651198636,1.1014364987311478,110.14364987311478
2019-01-08,0.010569235528308917,1.1130778405057131,111.30778405057131
2019-01-09,0.0021415688684836894,1.1154615733571391,111.54615733571391
2019-01-10,0.002811190722133405,1.118597348583057,111.8597348583057
2019-01-11,0.003907810820937732,1.1229686154061223,112.29686154061223
2019-01-14,-0.009435005351676929,1.11237340051,111.23734005100002
2019-01-15,0.007490881495473278,1.1207060578319372,112.07060578319373
2019-01-16,-3.1845607066479325e-05,1.1206703682671826,112.06703682671827
2019-01-17,0.005509701846406444,1.1268449278644375,112.68449278644374
2019-01-18,0.015971222165961942,1.1448420185539478,114.48420185539479
2019-01-22,-0.01451700431981346,1.128222342025096,112.8222342025096
2019-01-23,0.0029206437635022568,1.1315174775721757,113.15174775721756
2019-01-24,0.0023463443869168508,1.1341724072543755,113.41724072543755
2019-01-25,0.004872002522318477,1.139698098083263,113.96980980832629
2019-01-28,-0.00831991240728138,1.130215909736465,113.0215909736465
2019-01-29,0.00342266756178316,1.1340842630685313,113.40842630685313
2019-01-30,0.010935149590622185,1.1464856441335562,114.64856441335563
2019-01-31,0.006185569890063134,1.1535773112132983,115.35773112132983
2019-02-01,0.004986966847707508,1.1593301630205868,115.93301630205868
2019-02-04,0.0006720303014133048,1.1601092680194791,116.01092680194792
2019-02-05,0.0018492646582386678,1.1622546170885226,116.22546170885227
2019-02-06,0.0018153367977063511,1.1643645006632275,116.43645006632275
2019-02-07,-0.011664600865752658,1.1507826535007397,115.07826535007398
2019-02-08,-0.0017260194287634905,1.1487963802825134,114.87963802825134
2019-02-11,0.0012696126502287808,1.150254906699457,115.0254906699457
2019-02-12,0.00942397528307402,1.1610948805094272,116.10948805094272
2019-02-13,0.004337115977085479,1.1661306836665968,116.61306836665968
2019-02-14,-0.0013402300816251036,1.1645678002452409,116.4567800245241
2019-02-15,0.011203506298730535,1.1776150429305872,117.76150429305872
2019-02-19,0.0027974829937294035,1.1809094009863454,118.09094009863455
2019-02-20,0.0007754953946145584,1.1818251907882675,118.18251907882676
2019-02-21,-0.006402577947457444,1.174258462883977,117.4258462883977
2019-02-22,0.006111802882996919,1.1814352991428148,118.14352991428147
2019-02-25,0.0011225924748935745,1.1827615695192062,118.27615695192063
2019-02-26,-0.002353844814853253,1.1799775323315858,117.99775323315858
2019-02-27,-0.0069106933356709145,1.1718230694626603,117.18230694626604
2019-02-28,-0.0048786405265661,1.1661061659460148,116.61061659460148
2019-03-01,0.005409810047039974,1.1724145787984648,117.24145787984648
2019-03-04,-0.010058323151120456,1.1606220540978252,116.06220540978252
2019-03-05,-0.004400723453577165,1.155514477403618,115.5514477403618
2019-03-06,-0.012171497205653576,1.1414501361708076,114.14501361708076
2019-03-07,-0.007505267406061736,1.13288324766816,113.288324766816
2019-03-08,-0.0025597026145457408,1.1299834034571288,112.99834034571288
2019-03-11,0.014110038083059682,1.1459275123131343,114.59275123131343
2019-03-12,0.0036193980708205294,1.1500750801405006,115.00750801405006
2019-03-13,0.008617493087242176,1.159985844193421,115.9985844193421
2019-03-14,-0.004723035535047479,1.1545071898311434,115.45071898311434
2019-03-15,0.0055368486878795715,1.1608995214503075,116.08995214503075
2019-03-18,0.0022226446311218867,1.1634797885389312,116.34797885389312
2019-03-19,0.00032904218475385207,1.1638626224704691,116.38626224704691
2019-03-20,-0.009781903926440724,1.1524778301138876,115.24778301138876
2019-03-21,0.00985406359347569,1.1638344199419006,116.38344199419006
2019-03-22,-0.018611897616439648,1.1421732528754536,114.21732528754535
2019-03-25,-0.004031385875632813,1.1375687117562858,113.75687117562859
2019-03-26,0.005807304441584812,1.144174919588676,114.41749195886759
2019-03-27,-0.004087442091399953,1.139498170862425,113.9498170862425
2019-03-28,0.0012734806958110908,1.1409492997859303,114.09492997859303
2019-03-29,0.007925673975435489,1.149992091958535,114.9992091958535
2019-04-01,0.01448493714614928,1.166649655129123,116.6649655129123
2019-04-02,-0.0021294895737102373,1.1641652868523529,116.41652868523529
2019-04-03,0.005443071569920132,1.1705019218279067,117.05019218279067
2019-04-04,0.006646230969712628,1.1782813479508674,117.82813479508674
2019-04-05,0.008560895517059975,1.1883684914603754,118.83684914603754
2019-04-08,0.0015622318280377576,1.190224998541172,119.02249985411719
2019-04-09,-0.009047172605296227,1.1794568275402315,117.94568275402315
2019-04-10,0.005491863984283214,1.1859342440124165,118.59342440124165
2019-04-11,-0.0021597857057671713,1.1833728801842187,118.33728801842187
2019-04-12,0.0029135386932335056,1.1868206828591585,118.68206828591585
2019-04-15,-0.0018221410057895195,1.1846581282264017,118.46581282264017
2019-04-16,-0.0022550740276004975,1.1819866364498526,118.19866364498526
2019-04-17,-0.00568599648244958,1.1752658645926963,117.52658645926964
2019-04-18,0.0018840082231675198,1.177480075145997,117.7480075145997
2019-04-22,-0.001223508598211048,1.1760394181498337,117.60394181498337
2019-04-23,0.00882485870731125,1.1864177998492345,118.64177998492345
2019-04-24,-0.003084833172893575,1.1827578988633483,118.27578988633482
2019-04-25,-0.004781258076517026,1.1771028281068434,117.71028281068435
2019-04-26,0.0014445262244754374,1.1788031840109479,117.88031840109478
2019-04-29,0.0016628917699913533,1.1807634061240795,118.07634061240795
2019-04-30,-0.00043890535320442877,1.1802451627442636,118.02451627442636
2019-05-01,-0.006593229180591863,1.1724635358970057,117.24635358970058
2019-05-02,-0.00636469899364464,1.1650011584099969,116.50011584099968
2019-05-03,0.01128040390166219,1.178142842022766,117.8142842022766
2019-05-06,-0.005802839123972883,1.1713062686454476,117.13062686454477
2019-05-07,-0.017957602698816362,1.1502724160344795,115.02724160344795
2019-05-08,-0.003061347402529924,1.1467510325614505,114.67510325614505
2019-05-09,-0.00441604262634668,1.141686931119852,114.1686931119852
2019-05-10,-8.608768960698544e-05,1.1415886459296976,114.15886459296975
2019-05-13,-0.028901496316187353,1.1085950258847592,110.85950258847592
2019-05-14,0.008693964375021273,1.118233111546127,111.8233111546127
2019-05-15,0.003290655603954684,1.121912831601164,112.1912831601164
2019-05-16,0.0030954266498718474,1.1253856304789356,112.53856304789356
2019-05-17,-0.006978774330396901,1.1175318181291516,111.75318181291516
2019-05-20,-0.006734579521588586,1.1100057112320554,111.00057112320553
2019-05-21,0.014173880436549944,1.125738799466946,112.5738799466946
2019-05-22,-0.010385811215454148,1.1140470888177705,111.40470888177705
2019-05-23,-0.014123901408157507,1.0983123975712634,109.83123975712634
2019-05-24,0.0018307601155669602,1.1003231441031696,110.03231441031696
2019-05-28,-0.01278248815058739,1.0862582765518538,108.62582765518538
2019-05-29,-0.003489595845272898,1.0824676741831052,108.24676741831053
2019-05-30,-0.0023422210059806325,1.0799322956583386,107.99322956583386
2019-05-31,-0.018150510984140427,1.060330972663864,106.03309726638639
2019-06-03,0.011379102893566572,1.0723965879030415,107.23965879030415
2019-06-04,0.022306687428066914,1.09631820338832,109.63182033883201
2019-06-05,0.0006460055196989434,1.0970264309990552,109.70264309990552
2019-06-06,0.0018552735022041265,1.0990617150677053,109.90617150677053
2019-06-07,0.008227737315356266,1.1081045061526473,110.81045061526473
2019-06-10,0.004812631369439302,1.1134374046595745,111.34374046595745
2019-06-11,0.00015199636313422576,1.1136066430956604,111.36066430956603
2019-06-12,-0.00478309384732573,1.1082801580127284,110.82801580127284
2019-06-13,0.009120530673661689,1.118388261188894,111.8388261188894
2019-06-14,-0.005402177732903893,1.1123465290275583,111.23465290275583
2019-06-17,-0.00017619252866983516,1.1121505418798519,111.21505418798519
2019-06-18,0.01414536912071713,1.127882321812548,112.7882321812548
2019-06-19,0.0021375796967364365,1.1302932601639624,113.02932601639624
2019-06-20,0.008725948747590561,1.1401561412219001,114.01561412219002
2019-06-21,-0.0012305693289563185,1.1387531000442914,113.87531000442914
2019-06-24,-0.00506872137324865,1.1329810778672438,113.29810778672437
2019-06-25,-0.007020699216885123,1.1250267585011156,112.50267585011156
2019-06-26,0.005269233755313005,1.13095478747264,113.095478747264
2019-06-27,0.007607389286993515,1.1395584008069333,113.95584008069332
2019-06-28,0.006679133875537686,1.1471696639249163,114.71696639249163
2019-07-01,0.005914073411690349,1.1539541095330323,115.39541095330324
2019-07-02,-0.0017397838302188882,1.151946478832452,115.19464788324521
2019-07-03,0.005043062048873284,1.1577558164021853,115.77558164021853
2019-07-05,-0.0019034159575972423,1.1555521255062444,115.55521255062445
2019-07-08,-0.007239677732491892,1.1471863005144831,114.71863005144832
2019-07-09,-0.0028595725232013567,1.143905838090539,114.3905838090539
2019-07-10,0.005148948589154356,1.1497957504417005,114.97957504417005
2019-07-11,0.0033869942789046628,1.1536901020703554,115.36901020703554
2019-07-12,0.011520886232405426,1.1669816344837602,116.69816344837602
2019-07-15,-0.0011361060377241645,1.16565581960291,116.56558196029101
2019-07-16,-0.0020401342590493894,1.163277725231078,116.3277725231078
2019-07-17,-0.011063809185589578,1.1504074424492747,115.04074424492747
2019-07-18,0.004161474773563703,1.1551948340003473,115.51948340003473
2019-07-19,-0.0037551453561807053,1.150856909483967,115.08569094839669
2019-07-22,0.0007358193713185174,1.1517037322915809,115.17037322915809
2019-07-23,0.009159245199685712,1.1622524691730327,116.22524691730327
2019-07-24,0.007597165887048408,1.1710822939839718,117.10822939839719
2019-07-25,-0.007934709840761599,1.1617900957815555,116.17900957815554
2019-07-26,0.003985574407931168,1.1664204966546903,116.64204966546903
2019-07-29,-0.0006470754825922651,1.1656657345489119,116.56657345489118
2019-07-30,0.00022470855261996704,1.1659276696089609,116.59276696089609
2019-07-31,-0.011164141903171103,1.1529110876566129,115.29110876566129
2019-08-01,-0.017320507288659574,1.1329420827596801,113.29420827596802
2019-08-02,-0.00953319217612953,1.1221415281603075,112.21415281603075
2019-08-05,-0.029826391224308052,1.0886720959323553,108.86720959323553
2019-08-06,0.008793534881405449,1.0982453719823493,109.82453719823494
2019-08-07,-0.0012078944109329198,1.0969188075356988,109.69188075356988
2019-08-08,0.015593921023185933,1.1140240727892579,111.40240727892578
2019-08-09,-0.014713831523879105,1.0976325102686912,109.76325102686913
2019-08-12,-0.012604836628982794,1.083797031798094,108.37970317980941
2019-08-13,0.01543558901317708,1.1005260773546306,110.05260773546306
2019-08-14,-0.027945540100784018,1.0697712817279583,106.97712817279583
2019-08-15,-0.001728529030789348,1.0679221510111867,106.79221510111867
2019-08-16,0.01617211902920103,1.08519271515126,108.519271515126
2019-08-19,0.011910736269203755,1.0981181593826876,109.81181593826877
2019-08-20,-0.009559442817769081,1.087620761630915,108.7620761630915
2019-08-21,0.008917313502095415,1.0973194169337657,109.73194169337657
2019-08-22,-0.0025064028451183525,1.0945690924251592,109.45690924251592
2019-08-23,-0.028132995908842794,1.0637755846260164,106.37755846260164
2019-08-26,0.009591970936915578,1.0739792891171496,107.39792891171496
2019-08-27,-0.008951897884554527,1.0643651361908464,106.43651361908464
2019-08-28,0.011063966706880288,1.076141236621626,107.61412366216261
2019-08-29,0.01630536648166793,1.093688113870777,109.3688113870777
2019-08-30,0.0039611722810142126,1.0980204009115166,109.80204009115167
2019-09-03,-0.010684650963326766,1.086288436177165,108.6288436177165
2019-09-04,0.013097560224369911,1.100516164391032,110.0516164391032
2019-09-05,0.017178619559003284,1.119421512897639,111.9421512897639
2019-09-06,0.002046172896485701,1.1217120428570733,112.17120428570733
2019-09-09,0.011204335792223723,1.1342800812474252,113.42800812474252
2019-09-10,0.010557085216119323,1.146254772724101,114.62547727241011
2019-09-11,0.010759115213046906,1.1585874598873445,115.85874598873444
2019-09-12,-0.0019879692604638935,1.1562842236315296,115.62842236315296
2019-09-13,0.0025809335253051255,1.1592685163490817,115.92685163490816
2019-09-16,0.0005528449647887756,1.1599094121111833,115.99094121111833
2019-09-17,-0.004290073992398488,1.1549333149087468,115.49333149087468
2019-09-18,-0.0023541380147775676,1.152214442487587,115.22144424875871
2019-09-19,-0.002960615234511466,1.1488031788557342,114.88031788557342
2019-09-20,-0.004393513107667651,1.1437558970313013,114.37558970313013
2019-09-23,-0.00022533558967566356,1.1434981681217988,114.34981681217988
2019-09-24,-0.010899309627717738,1.1310348275287112,113.10348275287112
2019-09-25,0.006919473214424404,1.1388609927223772,113.88609927223771
2019-09-26,-0.007228267611653829,1.1306290006945061,113.0629000694506
2019-09-27,-0.005855205096689423,1.1240089360071748,112.40089360071748
2019-09-30,0.006306340898098406,1.1310973195301448,113.10973195301447
2019-10-01,-0.013891963016776263,1.1153841573988572,111.53841573988572
2019-10-02,-0.016596132025914662,1.096873094663052,109.68730946630521
2019-10-03,0.006131012521948868,1.10359803734142,110.359803734142
2019-10-04,0.01187529463904117,1.1167035891979171,111.67035891979171
2019-10-07,-0.0021979779017517777,1.1142490993860532,111.42490993860532
2019-10-08,-0.01607220031373157,1.0963406646613256,109.63406646613257
2019-10-09,0.00580422625330136,1.1027040739297147,110.27040739297146
2019-10-10,0.0049176292981927645,1.108126763790908,110.8126763790908
2019-10-11,0.01325831715219729,1.122818659870086,112.2818659870086
2019-10-14,-0.003137294421937625,1.119296047151628,111.9296047151628
2019-10-15,0.013287124321926639,1.1341682728831728,113.41682728831728
2019-10-16,-0.0010231347777949046,1.1330078658793143,113.30078658793144
2019-10-17,0.0032610712514696866,1.1367026852584226,113.67026852584226
2019-10-18,-0.004064917955383969,1.1320820821031823,113.20820821031823
2019-10-21,0.0055682454409492176,1.1383857929956336,113.83857929956336
2019-10-22,0.006160997695605745,1.1453993852429902,114.53993852429902
2019-10-23,0.0012263013569100156,1.1468039900633176,114.68039900633175
2019-10-24,-0.004541314971894159,1.141595991933415,114.1595991933415
2019-10-25,0.010771954137070154,1.153893211601585,115.3893211601585
2019-10-28,0.006933636751605292,1.1618938879809737,116.18938879809737
2019-10-29,0.0037358918804330722,1.1662345979230067,116.62345979230066
2019-10-30,0.00035193110703039755,1.1666450321561108,116.66450321561108
2019-10-31,-0.005768995079574596,1.159914662705992,115.9914662705992
2019-11-01,0.010511784509888183,1.1721074356902168,117.21074356902167
2019-11-04,0.007305717066945419,1.1806705209874326,118.06705209874326
2019-11-05,0.0016700133301091147,1.1826422564959485,118.26422564959485
2019-11-06,0.00019156717715325476,1.1828688119346076,118.28688119346076
2019-11-07,0.004684126576337239,1.188409519172911,118.8409519172911
2019-11-08,0.0033458183909759603,1.1923857215981706,119.23857215981705
2019-11-11,-0.004677570088306106,1.1868082538130995,118.68082538130994
2019-11-12,0.0003611396878048504,1.187236857375366,118.7236857375366
2019-11-13,-0.003847779611486325,1.182668631601552,118.2668631601552
2019-11-14,-0.002171302728624703,1.1801006999746966,118.01006999746966
2019-11-15,0.011232927266876873,1.193356685305103,119.3356685305103
2019-11-18,-0.001539334001903861,1.1915197107830136,119.15197107830136
2019-11-19,-0.0038622435918857544,1.1869177714154362,118.69177714154362
2019-11-20,-0.007232879635684815,1.178332938037333,117.83329380373331
2019-11-21,0.0005203246888249238,1.1789460537566496,117.89460537566497
2019-11-22,0.0050592819480498475,1.1849106742441453,118.49106742441452
2019-11-25,0.009442569365551379,1.1960992754776778,119.60992754776778
2019-11-26,-0.0022411176743251,1.1934186762511574,119.34186762511574
2019-11-27,0.004919677353115252,1.199289911085495,119.92899110854951
2019-11-29,-0.00469122242744378,1.1936637753576038,119.36637753576038
2019-12-02,-0.006645016465571215,1.1857318599159965,118.57318599159964
2019-12-03,-0.008318201775777084,1.1758687030532478,117.58687030532478
2019-12-04,0.006105503874825771,1.1830479739760256,118.30479739760256
2019-12-05,0.0013683717059041409,1.1846668233503415,118.46668233503415
2019-12-06,0.010385396852842078,1.1969700584492304,119.69700584492304
2019-12-09,-0.0028414922568358357,1.1935688772964825,119.35688772964825
2019-12-10,0.00015414664561692773,1.1937528619352307,119.37528619352307
2019-12-11,0.00319590694489151,1.1975679849971734,119.75679849971735
2019-12-12,0.014854416889145034,1.215357159099415,121.5357159099415
2019-12-13,-0.004402539712939712,1.2100065009410743,121.00065009410743
2019-12-16,0.010253810050801896,1.2224136777619594,122.24136777619594
2019-12-17,0.0015882453111877104,1.2243551705539966,122.43551705539966
2019-12-18,-0.0013250196671838023,1.2227328758733944,122.27328758733944
2019-12-19,0.004294819324473336,1.2279842926573643,122.79842926573643
2019-12-20,0.006258308556255166,1.2356693972630488,123.56693972630488
2019-12-23,0.0013940738470580426,1.2373920116533834,123.73920116533834
2019-12-24,-0.0005225022854447744,1.2367454714993034,123.67454714993033
2019-12-26,0.0025508019011502136,1.2399001641992426,123.99001641992426
2019-12-27,-0.0019638016661990285,1.2374652461908677,123.74652461908677
2019-12-30,-0.005480971022856245,1.2306827350347038,123.06827350347038
2019-12-31,0.004325098313266309,1.2360055588561685,123.60055588561684
2020-01-02,0.0030449304420010316,1.2397691098088122,123.97691098088121
2020-01-03,-0.008567205472176074,1.2291477531070232,122.91477531070231
2020-01-06,0.0015293164419897106,1.2310275089754843,123.10275089754843
2020-01-07,0.00021676257061126525,1.231294349662823,123.1294349662823
2020-01-08,0.0016316877078864508,1.2333034375179577,123.33034375179577
2020-01-09,0.001446841502327564,1.2350878321163221,123.5087832116322
2020-01-10,-0.004222941056002707,1.2298721290023087,122.98721290023087
2020-01-13,0.002201360235974769,1.232579520602428,123.25795206024279
2020-01-14,0.0038674637291293834,1.2373464771916256,123.73464771916257
2020-01-15,0.0034403673431473566,1.241603403603914,124.1603403603914
2020-01-16,0.00813151457658192,1.251699519778653,125.1699519778653
2020-01-17,0.00031852509945991833,1.2520982174926845,125.20982174926844
2020-01-21,-0.004654897499315659,1.2462698286311802,124.62698286311802
2020-01-22,0.001580316664344736,1.248239329609636,124.82393296096359
2020-01-23,-0.0006979931104285466,1.2473680671574026,124.73680671574026
2020-01-24,-0.011211163833998491,1.233383619395203,123.3383619395203
2020-01-27,-0.018191520447037215,1.2109464960639345,121.09464960639345
2020-01-28,0.007759736603092238,1.2203431219138279,122.03431219138278
2020-01-29,-0.009243320627686919,1.2090630991621858,120.90630991621858
2020-01-30,-0.0012609574907060865,1.207538521990561,120.7538521990561
2020-01-31,-0.017361962381185595,1.1865732835979284,118.65732835979284
2020-02-03,0.003451594174510345,1.1906688530312246,119.06688530312246
2020-02-04,0.015758981443737434,1.2094325813917797,120.94325813917797
2020-02-05,0.02171949078558313,1.2357008411991024,123.57008411991023
2020-02-06,0.002114315430781923,1.23831350255548,123.83135025554799
2020-02-07,-0.008037970681355953,1.2283599749276117,122.83599749276118
2020-02-10,0.002437003235381599,1.2313534921607234,123.13534921607234
2020-02-11,0.005861944246336476,1.2385716176793014,123.85716176793014
2020-02-12,0.006365439189659762,1.2464556699936773,124.64556699936773
2020-02-13,-0.005145153266186414,1.240042464532053,124.0042464532053
2020-02-14,-0.0036328551708098827,1.2355375698527538,123.55375698527537
2020-02-18,-0.00382072354703252,1.2308169223663739,123.08169223663738
2020-02-19,0.005960906873292899,1.2381537074186728,123.81537074186728
2020-02-20,-0.0037729803985726146,1.2334821777501621,123.34821777501621
2020-02-21,-0.005287725990725964,1.2269598619797755,122.69598619797755
2020-02-24,-0.03299867553730752,1.1864718115970052,118.64718115970052
2020-02-25,-0.03029465258330859,1.1505280602647852,115.05280602647852
2020-02-26,-0.00914961899925066,1.1400011668654153,114.00011668654153
2020-02-27,-0.03983281012198029,1.0945917168468293,109.45917168468293
2020-02-28,-0.009827673066036954,1.0838344273128666,108.38344273128666
2020-03-02,0.04396653350317886,1.1314868699732166,113.14868699732166
2020-03-03,-0.03091062118623997,1.0965119079582701,109.65119079582702
2020-03-04,0.04700339151687362,1.148051686470947,114.80516864709469
2020-03-05,-0.03263898480410184,1.1105804449218981,111.05804449218981
2020-03-06,-0.01263700479463229,1.0965460345145952,109.65460345145952
2020-03-09,-0.07103612305268034,1.0186516554738878,101.86516554738878
2020-03-10,0.04057647082218364,1.059984944650193,105.9984944650193
2020-03-11,-0.04750356505616185,1.0096318808734506,100.96318808734506
2020-03-12,-0.09504720299453653,0.913669194542316,91.36691945423159
2020-03-13,0.09045047675865471,0.9963110087883645,99.63110087883645
2020-03-16,-0.10914880991667032,0.8875648478722373,88.75648478722373
2020-03-17,0.06116180335383342,0.9418499145615742,94.18499145615742
2020-03-18,-0.055978837069487496,0.8891262516504211,88.91262516504212
2020-03-19,-0.0026033127061298057,0.886811577982146,88.6811577982146
2020-03-20,-0.03987673193620142,0.8514484304090322,85.14484304090321
2020-03-23,-0.026903038485847852,0.8285418805170233,82.85418805170232
2020-03-24,0.08284283523324301,0.8971806390085364,89.71806390085364
2020-03-25,0.008721111934395863,0.9050050517867028,90.50050517867028
2020-03-26,0.05998926416775321,0.9592956389114865,95.92956389114865
2020-03-27,-0.034800646462328805,0.925911530528874,92.59115305288739
2020-03-30,0.03350003222890773,0.9569295966427085,95.69295966427084
2020-03-31,-0.013544684812588297,0.9439682868683458,94.39682868683458
2020-04-01,-0.07435209172772016,0.8737822702150516,87.37822702150517
2020-04-02,0.0007853001249649139,0.8744684515410436,87.44684515410435
2020-04-03,-0.022357862240689225,0.8549172063676601,85.491720636766
2020-04-06,0.0701384474597648,0.9148797719289271,91.48797719289271
2020-04-07,-0.005268445686421847,0.9100597775409136,91.00597775409136
2020-04-08,0.041632314108908886,0.9479476720573807,94.79476720573807
2020-04-09,0.003517756346631106,0.9512823209970348,95.12823209970348
2020-04-13,-0.02002162080491869,0.9322361070876093,93.22361070876093
2020-04-14,0.013867551864896084,0.9451639396529755,94.51639396529755
2020-04-15,-0.0375812488827202,0.9096434984019047,90.96434984019048
2020-04-16,-0.00813930656712376,0.9022396311016206,90.22396311016206
2020-04-17,0.045115728740201644,0.9429448295570608,94.29448295570609
2020-04-20,-0.028980571644373364,0.9156177493673909,91.5617749367391
2020-04-21,-0.023285603068789455,0.8942970378928835,89.42970378928835
2020-04-22,0.009492734422778364,0.902786362168678,90.2786362168678
2020-04-23,0.010930172204223085,0.9126539725708057,91.26539725708056
2020-04-24,-0.006353802303069093,0.9068551496579801,90.685514965798
2020-04-27,0.02142094239548984,0.926280841579857,92.6280841579857
2020-04-28,0.020108899545417298,0.9449073299740309,94.49073299740309
2020-04-29,0.008755647923354516,0.9531806058754806,95.31806058754806
2020-04-30,-0.0031493876977015467,0.9501786706016486,95.01786706016486
2020-05-01,-0.03723200737361869,0.9148016113315529,91.48016113315529
2020-05-04,-0.02042356145288135,0.896118104405328,89.6118104405328
2020-05-05,0.0018999749173682536,0.8978207063266977,89.78207063266977
2020-05-06,-0.02403311373940539,0.876243279173955,87.62432791739549
2020-05-07,0.011578938354372879,0.8863892460869438,88.63892460869438
2020-05-08,0.028939132893890485,0.9120405822751692,91.20405822751691
2020-05-11,-0.010161294147567418,0.9027730696441525,90.27730696441525
2020-05-12,-0.02354889198361425,0.8815137641413865,88.15137641413865
2020-05-13,-0.030428158944834933,0.8546909232140326,85.46909232140327
2020-05-14,0.004004638837811325,0.8581136516794603,85.81136516794604
2020-05-15,-0.009544574909649864,0.8499233216500125,84.99233216500124
2020-05-18,0.07339234230987644,0.9123011850096974,91.23011850096974
2020-05-19,-0.011075551780045434,0.9021969459961257,90.21969459961257
2020-05-20,0.02193792687575039,0.921989276624914,92.1989276624914
2020-05-21,0.0003434557188972372,0.9223059391147328,92.23059391147328
2020-05-22,-0.003259872898267645,0.9192993389799013,91.92993389799014
2020-05-26,0.03825450261621414,0.954466677947992,95.4466677947992
2020-05-27,0.04198681780899923,0.9945416964597551,99.45416964597551
2020-05-28,-0.0300198938854435,0.9646856602673843,96.46856602673843
2020-05-29,-0.010629127751288358,0.9544318931445663,95.44318931445663
2020-06-01,0.010129980689126602,0.9641002697912073,96.41002697912073
2020-06-02,0.022129582423916924,0.9854354061764724,98.54354061764724
2020-06-03,0.027224628462909097,1.012263518983823,101.22635189838229
2020-06-04,0.02110927551781776,1.033631668502688,103.36316685026881
2020-06-05,0.03313820194383768,1.067884363469076,106.7884363469076
2020-06-08,0.04561359919031739,1.1165944128059617,111.65944128059617
2020-06-09,-0.038312175515716626,1.0738152516826711,107.38152516826712
2020-06-10,-0.03597135078570623,1.0351886665853522,103.51886665853523
2020-06-11,-0.07643776637602906,0.956061157133788,95.6061157133788
2020-06-12,0.026805234104808333,0.9816886002692732,98.16886002692732
2020-06-15,0.0025446504241864666,0.9841866545823673,98.41866545823673
2020-06-16,0.021725081855654395,1.005568190214412,100.5568190214412
2020-06-17,-0.01869665924099182,0.9867674244183923,98.67674244183922
2020-06-18,0.00046065179829863495,0.9872219806069531,98.7221980606953
2020-06-19,-0.010233225618441267,0.9771195153439176,97.71195153439176
2020-06-22,-0.006530792198278368,0.9707381508363241,97.07381508363241
2020-06-23,-0.0002928217464007025,0.9704538975956984,97.04538975956984
2020-06-24,-0.042386444340432206,0.9293198074803029,92.93198074803028
2020-06-25,0.013179482754831048,0.9415677618567124,94.15677618567125
2020-06-26,-0.022767055202387507,0.9201310366457321,92.01310366457321
2020-06-29,0.030505180754945706,0.9481998002368458,94.81998002368458
2020-06-30,0.00838747387217462,0.9561528012869335,95.61528012869334
2020-07-01,-0.006388919432175959,0.9500440180746619,95.0044018074662
2020-07-02,0.00684316081312214,0.9565453220698914,95.65453220698915
2020-07-06,0.016295199370491117,0.972132418799931,97.21324187999309
2020-07-07,-0.022613989945323876,0.9501486260556659,95.01486260556659
2020-07-08,0.00571242888152042,0.9555762825088833,95.55762825088833
2020-07-09,-0.027389429807211457,0.9294035929936701,92.94035929936702
2020-07-10,0.020037169568861715,0.9480262103843936,94.80262103843936
2020-07-13,0.0009700753579310655,0.9489458672497604,94.89458672497604
2020-07-14,0.022416689037617652,0.9702180916694306,97.02180916694306
2020-07-15,0.024758548755409716,0.9942392835954087,99.42392835954087
2020-07-16,-0.003174497161955493,0.9910830738113304,99.10830738113305
2020-07-17,0.0030254710994023428,0.9940815670082536,99.40815670082536
2020-07-20,-0.015546958471221504,0.9786266221689695,97.86266221689695
2020-07-21,0.015449855170224985,0.9937462617472065,99.37462617472065
2020-07-22,0.003960686280602123,0.9976821789325082,99.76821789325082
2020-07-23,0.0007031196005509099,0.998383668827636,99.8383668827636
2020-07-24,-0.015597030767333805,0.9828118480273278,98.28118480273278
2020-07-27,-0.009331246842807204,0.9736409880733493,97.36409880733493
2020-07-28,0.007321410483336182,0.9807694134104352,98.07694134104352
2020-07-29,-0.0038071739076458305,0.9770354536902819,97.70354536902819
2020-07-30,-0.02117176979821486,0.9563498839800568,95.63498839800569
2020-07-31,-0.012888224842469707,0.9440242316472521,94.4024231647252
2020-08-03,0.008861055661845071,0.952389282910009,95.2389282910009
2020-08-04,0.007680918636118101,0.9597045075019518,95.97045075019518
2020-08-05,0.01843418871776946,0.9773958815065368,97.73958815065367
2020-08-06,-0.003930942767872848,0.97355379423478,97.355379423478
2020-08-07,0.013129830409652422,0.9863363904477561,98.6336390447756
2020-08-10,0.022711515560739165,1.0087375847275335,100.87375847275335
2020-08-11,0.0003326050481251674,1.0090730959404475,100.90730959404475
2020-08-12,0.004126839834392872,1.0132373789885885,101.32373789885885
2020-08-13,-0.010688097741442235,1.0024077988466757,100.24077988466757
2020-08-14,0.005197376644005875,1.0076176897281708,100.76176897281708
2020-08-17,-0.014228578783199781,0.9932807220465277,99.32807220465277
2020-08-18,-0.003600050895330796,0.9897048608938094,98.97048608938094
2020-08-19,-0.005270956718881483,0.9844881694075716,98.44881694075715
2020-08-20,-0.010854817316917204,0.9738017301779862,97.38017301779863
2020-08-21,0.0019332095929794338,0.9756842930244262,97.56842930244261
2020-08-24,0.02571107406371909,1.0007701841451846,100.07701841451846
2020-08-25,-0.0020994789759393776,0.9986690881838247,99.86690881838247
2020-08-26,-0.006583620062083476,0.9920942303394751,99.2094230339475
2020-08-27,0.005115503265942201,0.9971692916148991,99.71692916148992
2020-08-28,0.01267702564364303,1.0098104322957546,100.98104322957546
2020-08-31,-0.016578090953759828,0.9930697031031,99.30697031031
2020-09-01,-0.008683868774321505,0.9844460161175983,98.44460161175984
2020-09-02,0.025255747297761328,1.0093089359289522,100.93089359289522
2020-09-03,-0.018056226044096672,0.9910846256334924,99.10846256334924
2020-09-04,0.003902749769790556,0.9949525809280265,99.49525809280266
2020-09-08,-0.02093994621056148,0.9741183274013343,97.41183274013343
2020-09-09,0.006821298824935372,0.980763079603385,98.07630796033851
2020-09-10,-0.017505528456492232,0.9635943036043111,96.3594303604311
2020-09-11,-0.001276109822647907,0.9623646514484341,96.23646514484341
2020-09-14,0.01903175358694289,0.9806801383555849,98.06801383555849
2020-09-15,-0.004035028032645086,0.9767230665062618,97.67230665062618
2020-09-16,0.03559799297705675,1.011492447368281,101.1492447368281
2020-09-17,0.010448456774315891,1.0220609824821554,102.20609824821554
2020-09-18,-0.011074522026096857,1.0107421456196426,101.07421456196425
2020-09-21,-0.04138659221538925,0.968910972603975,96.8910972603975
2020-09-22,-0.0035852452180431217,0.965437189172737,96.54371891727371
2020-09-23,-0.019645753173342592,0.9464704484498837,94.64704484498837
2020-09-24,-0.0027897230357418357,0.9438300580371941,94.38300580371941
2020-09-25,0.011602255143737333,0.95478061518287,95.478061518287
2020-09-28,0.015317666127524906,0.9694056258712741,96.94056258712742
2020-09-29,-0.00989031810594006,0.9598178958577193,95.98178958577192
2020-09-30,0.013376368875990231,0.9726567740864889,97.26567740864888
2020-10-01,-0.00027910659092864596,0.97238529917013,97.238529917013
2020-10-02,0.01134280151946564,0.9834148726190629,98.3414872619063
2020-10-05,0.010497522909305368,0.9937382927737332,99.37382927737332
2020-10-06,-0.022113951531313125,0.9717628123325249,97.1762812332525
2020-10-07,0.020342965988005425,0.991531350172214,99.1531350172214
2020-10-08,0.03154197369555356,1.0228062059376628,102.28062059376629
2020-10-09,0.011563478933521849,1.0346334039530984,103.46334039530984
2020-10-12,0.0024072837954422508,1.037124060180658,103.71240601806579
2020-10-13,-0.012160745392844664,1.0245118585440076,102.45118585440076
2020-10-14,0.0038879562351168294,1.028495115812385,102.84951158123849
2020-10-15,0.006741868305962413,1.0354290944365176,103.54290944365177
2020-10-16,0.02944760283598553,1.0659199991743085,106.59199991743084
2020-10-19,-0.006874555236449586,1.0585922732623485,105.85922732623484
2020-10-20,0.004309135675807904,1.0631538909931977,106.31538909931977
2020-10-21,-0.003553586001330485,1.059375882208904,105.9375882208904
2020-10-22,0.034508055211142544,1.0959328836415219,109.59328836415219
2020-10-23,-0.006130740027665488,1.089214004044146,108.9214004044146
2020-10-26,-0.02824776512164289,1.0584461426907028,105.84461426907028
2020-10-27,-0.026101777051435692,1.030818817453238,103.0818817453238
2020-10-28,0.005885657642447428,1.0368858641041603,103.68858641041602
2020-10-29,-0.0013296719927872037,1.035507146010944,103.5507146010944
2020-10-30,0.004815334939274295,1.0404934597509987,104.04934597509987
2020-11-02,0.016749188022343285,1.0579208803443867,105.79208803443866
2020-11-03,0.031260402990641215,1.090991913396166,109.09919133961661
2020-11-04,0.007159928684199648,1.0988033376911213,109.88033376911213
2020-11-05,0.01667187888261947,1.1171224538529256,111.71224538529256
2020-11-06,-0.0007925187783979406,1.1162371133304771,111.62371133304771
2020-11-09,0.06137635715060024,1.1847476810630035,118.47476810630036
2020-11-10,0.026587570491612967,1.2162472435480411,121.62472435480412
2020-11-11,-0.007143059119304004,1.2075595175836868,120.75595175836868
2020-11-12,-0.01406640311227744,1.1905734986272873,119.05734986272873
2020-11-13,0.039469044463041635,1.237564296981127,123.7564296981127
2020-11-16,0.028528248682740814,1.2728698390062858,127.28698390062858
2020-11-17,0.0025471511432456793,1.2761120308719138,127.61120308719138
2020-11-18,-0.0031166923750313045,1.2721347822356095,127.21347822356095
2020-11-19,-0.004977018655504555,1.2658033436921066,126.58033436921066
2020-11-20,0.003169812339507577,1.2698157027503318,126.98157027503318
2020-11-23,0.026627542078031828,1.3036277738066617,130.36277738066616
2020-11-24,0.03196426440298132,1.345297276651688,134.5297276651688
2020-11-25,-0.0017094182602294962,1.3429976009215425,134.29976009215426
2020-11-27,-0.0053268316359851384,1.3358436788139014,133.58436788139014
2020-11-30,-0.018471313765670044,1.311168891080643,131.1168891080643
2020-12-01,0.002322454768928409,1.3142140215246039,131.4214021524604
2020-12-02,0.019795817074640707,1.3402299618916327,134.02299618916328
2020-12-03,0.011806565830251109,1.3560534751643811,135.60534751643812
2020-12-04,0.021940852042133002,1.385806443824183,138.5806443824183
2020-12-07,-0.005430340195934334,1.3782810433884998,137.82810433884998
2020-12-08,0.007362106848298891,1.3884280956969108,138.84280956969107
2020-12-09,0.02147632156000241,1.4182464239430395,141.82464239430394
2020-12-10,-0.005333512809276371,1.4106821884742289,141.06821884742288
2020-12-11,-0.010647521273532261,1.3956619198622564,139.56619198622565
2020-12-14,-0.02152811965231856,1.365615943057277,136.5615943057277
2020-12-15,0.020673420061282515,1.3938478950904847,139.38478950904846
2020-12-16,-0.011450333774603257,1.3778878714606704,137.78878714606705
2020-12-17,-0.0008015367272522385,1.3767834437256592,137.67834437256593
2020-12-18,-0.007138797193687854,1.3669548659412747,136.69548659412746
2020-12-21,-0.005780533100112601,1.3590531380923412,135.90531380923412
2020-12-22,-0.011223001507027569,1.3438004826754002,134.38004826754002
2020-12-23,0.01784010387606644,1.3677740228750377,136.77740228750378
2020-12-24,-0.009836841865149097,1.3543194461047572,135.4319446104757
2020-12-28,0.0013278564548087146,1.3561177879231403,135.61177879231403
2020-12-29,-0.0042489532112682865,1.3503557068932863,135.03557068932864
2020-12-30,0.00842080649355175,1.361726790998498,136.1726790998498
2020-12-31,0.008424833223926165,1.3731991121092124,137.31991121092125
2021-01-04,-0.02112323197846698,1.3441927087115046,134.41927087115047
2021-01-05,0.01981659755947288,1.3708300346624183,137.08300346624182
2021-01-06,0.04327263998680866,1.4301494692354695,143.01494692354694
2021-01-07,0.0010495689291831999,1.4316505096824668,143.16505096824667
2021-01-08,0.002161194168307842,1.4347445844150473,143.47445844150474
2021-01-11,0.006853160753676499,1.4445771196925106,144.45771196925105
2021-01-12,0.01961589226988553,1.4729137888479402,147.29137888479403
2021-01-13,-0.010939264554445544,1.456801195245842,145.6801195245842
2021-01-14,0.007953681991188068,1.46838812867721,146.838812867721
2021-01-15,-0.02063463858629473,1.43808847033755,143.808847033755
2021-01-19,0.007209753306452492,1.4484567334415375,144.84567334415374
2021-01-20,0.0003399922386793583,1.4489491974889703,144.89491974889702
2021-01-21,-0.01609446408470784,1.4256291366694178,142.56291366694177
2021-01-22,-0.0024995467617785205,1.4220657099773586,142.20657099773587
2021-01-25,-0.007166834554445409,1.411874000308401,141.18740003084008
2021-01-26,0.013239979562046322,1.4305671832166689,143.0567183216669
2021-01-27,-0.0036304550924394366,1.4253735733012831,142.53735733012832
2021-01-28,-0.010055636447411309,1.4110405348464177,141.10405348464178
2021-01-29,-0.028790237184730817,1.3704163431709198,137.04163431709196
2021-02-01,0.007918009382797294,1.3812673126344859,138.1267312634486
2021-02-02,0.02981574105423988,1.4224508211546816,142.24508211546816
2021-02-03,0.001356328248072905,1.424380131384908,142.43801313849082
2021-02-04,0.01664152096777938,1.4480839832074386,144.80839832074386
2021-02-05,-0.0014823383572545694,1.4459374327746042,144.59374327746042
2021-02-08,0.016727285075307283,1.470124040413683,147.0124040413683
2021-02-09,-0.002581905333660649,1.4663283193125962,146.63283193125963
2021-02-10,-0.0060216767107860785,1.4574985642218254,145.74985642218255
2021-02-11,0.003092519359296349,1.4620059067478282,146.2005906747828
2021-02-12,0.014929054569516946,1.4838322727106226,148.38322727106225
2021-02-16,0.011235612046168075,1.500504036468383,150.0504036468383
2021-02-17,-0.003667629452686129,1.4950007436703572,149.50007436703572
2021-02-18,-0.01456613747031671,1.473224357319829,147.3224357319829
2021-02-19,0.021411056224350387,1.5047676468654863,150.47676468654862
2021-02-22,0.025346203371453258,1.5429077936697222,154.29077936697223
2021-02-23,0.0056103382523282844,1.5515640282843628,155.15640282843628
2021-02-24,0.03146695987592224,1.6003870313073112,160.0387031307311
2021-02-25,-0.026035857154088515,1.5587195831689382,155.87195831689382
2021-02-26,-0.013245128063340992,1.5380741426750282,153.80741426750282
2021-03-01,0.03774823635499816,1.5961337289442363,159.61337289442363
2021-03-02,-0.007021103261579846,1.5849271092140282,158.49271092140282
2021-03-03,0.021079680608159197,1.618336866463473,161.8336866463473
2021-03-04,0.002060870464399555,1.6216720491130165,162.16720491130167
2021-03-05,0.013666046328155814,1.6438338944652702,164.38338944652702
2021-03-08,0.030850009810342294,1.694546186236097,169.45461862360972
2021-03-09,-0.007162684686093213,1.682408686218066,168.2408686218066
2021-03-10,-0.024974260443458202,1.6403917735161198,164.03917735161198
2021-03-11,-0.04157492477985146,1.5721926089226999,157.21926089226997
2021-03-12,0.01754417572768654,1.5997754323314097,159.97754323314098
2021-03-15,0.03441504710169935,1.6548317791872365,165.48317791872364
2021-03-16,-0.012290090921957778,1.6344937461604803,163.44937461604803
2021-03-17,0.02205694423890221,1.6705456835783765,167.05456835783764
2021-03-18,-0.019267874224385473,1.6383578194610984,163.83578194610985
2021-03-19,-0.0012374456392367126,1.636330440721897,163.6330440721897
2021-03-22,-0.004110523245767098,1.6296042664075534,162.96042664075534
2021-03-23,-0.028372100611913083,1.5833689702034355,158.33689702034354
2021-03-24,-0.007129305142205547,1.5720806496621553,157.20806496621555
2021-03-25,0.020509164197978495,1.604322709838541,160.4322709838541
2021-03-26,0.013927285121983587,1.6266665696461358,162.66665696461357
2021-03-29,-0.0035766591050479276,1.620848537848934,162.0848537848934
2021-03-30,0.01604097966400332,1.646848536282998,164.6848536282998
2021-03-31,-0.009876791968232327,1.6305829558869431,163.0582955886943
2021-04-01,0.006197232620834882,1.640688057772143,164.0688057772143
2021-04-05,0.010271826673085273,1.6575409211261793,165.75409211261794
2021-04-06,-0.002964403374624673,1.6526273012260144,165.26273012260145
2021-04-07,-0.0017268623622714748,1.6497734413406648,164.97734413406647
2021-04-08,-0.002436888629401586,1.645753127200373,164.5753127200373
2021-04-09,0.008484732335455051,1.6597169019749063,165.97169019749063
2021-04-12,-0.001204364725801741,1.6577179974833507,165.77179974833507
2021-04-13,-0.0032878334301976227,1.6522676968333845,165.22676968333846
2021-04-14,0.0017994938380059937,1.6552409423725725,165.52409423725726
2021-04-15,0.009365427286788098,1.6707429810604773,167.07429810604773
2021-04-16,0.007290476104415209,1.6829234928405181,168.29234928405182
2021-04-19,-0.00473452427527755,1.67495565071023,167.49556507102298
2021-04-20,-0.0059705812352883825,1.6649551919321592,166.49551919321593
2021-04-21,0.010906529483105396,1.6831140748210167,168.31140748210169
2021-04-22,-0.007403896269410306,1.6706524728014573,167.06524728014574
2021-04-23,0.004500664959153094,1.6781715198447171,167.8171519844717
2021-04-26,-0.0028783475442442858,1.6733411589717513,167.33411589717514
2021-04-27,0.0003444464260595948,1.6739175353535376,167.39175353535376
2021-04-28,-0.0019809780919614233,1.6706015413882522,167.06015413882523
2021-04-29,0.00796709445921899,1.683911381672209,168.3911381672209
2021-04-30,-0.007227307101468039,1.6717412369852067,167.17412369852067
2021-05-03,0.013891436909267089,1.6949641249074068,169.49641249074068
2021-05-04,0.004480609039205809,1.7025585964865964,170.25585964865962
2021-05-05,0.005061545494226124,1.7111761742792992,171.11761742792993
2021-05-06,0.009759792057779652,1.727876897914492,172.7876897914492
2021-05-07,0.009454691029662371,1.7442134401215652,174.4213440121565
2021-05-10,7.600426591741392e-05,1.7443460077836848,174.43460077836846
2021-05-11,-0.015008153832773652,1.7181665945612827,171.81665945612826
2021-05-12,-0.017502942030997136,1.688093624257081,168.8093624257081
2021-05-13,0.013697481493679413,1.7112162554349406,171.12162554349405
2021-05-14,0.011204876938632837,1.7303902229924772,173.03902229924773
2021-05-17,-0.0015308693724476962,1.727741221597715,172.7741221597715
2021-05-18,-0.008856217329662816,1.7124399698498285,171.24399698498286
2021-05-19,-0.005279113269931322,1.7033998052810335,170.33998052810335
2021-05-20,0.004296998049248326,1.7107193109214163,171.07193109214163
2021-05-21,0.003580544704516716,1.7168446178910506,171.68446178910506
2021-05-24,0.0033327281055376794,1.7225663942019374,172.25663942019372
2021-05-25,-0.007965010392116039,1.7088461349710091,170.8846134971009
2021-05-26,0.004224863804990756,1.7160657771549463,171.60657771549464
2021-05-27,0.004546919413054316,1.7238685899511703,172.38685899511702
2021-05-28,-0.002225173112492706,1.7200326839153404,172.00326839153405
2021-06-01,0.001404693247864611,1.7224488022125428,172.24488022125428
2021-06-02,-0.0007344373988551099,1.7211837713945848,172.1183771394585
2021-06-03,0.002637356159914569,1.7257231460164175,172.57231460164175
2021-06-04,0.004108361877480424,1.7328130412005969,173.2813041200597
2021-06-07,-0.0018125948552181845,1.7296721531970616,172.96721531970616
2021-06-08,0.000990494932945837,1.7313853847004608,173.1385384700461
2021-06-09,-0.0032779355453178447,1.7257100150053073,172.57100150053074
2021-06-10,-8.296352886084934e-05,1.725566844012672,172.5566844012672
2021-06-11,0.002338783350703249,1.729602571017974,172.96025710179742
2021-06-14,-0.007236098707930898,1.717086996088597,171.70869960885972
2021-06-15,0.002104928239519339,1.7207013409963754,172.07013409963753
2021-06-16,-0.007545980150175128,1.707716962832837,170.7716962832837
2021-06-17,-0.01042011495419246,1.6899223557708944,168.99223557708945
2021-06-18,-0.017361859986518124,1.6605821604419133,166.05821604419134
2021-06-21,0.016124621217778738,1.68735841878004,168.73584187800398
2021-06-22,0.0008419493497834247,1.6887790891035832,168.87790891035831
2021-06-23,-0.005193006442341094,1.6800092484141773,168.00092484141774
2021-06-24,0.006664562180989368,1.6912057745148708,169.12057745148707
2021-06-25,0.006207861059893274,1.7017045449867483,170.17045449867481
2021-06-28,-0.0034521085629817803,1.6958300761553347,169.58300761553346
2021-06-29,-0.0026695190722609914,1.6913030254237242,169.13030254237242
2021-06-30,0.0041261574167643904,1.6982816079460723,169.82816079460724
2021-07-01,0.006654089432727019,1.7095821256473007,170.95821256473008
2021-07-02,0.0007027521421747226,1.710783538148323,171.0783538148323
2021-07-06,-0.010413262087988276,1.6929687007897685,169.29687007897684
2021-07-07,0.0035682309243319802,1.6990096040618525,169.90096040618525
2021-07-08,-0.010256997086293306,1.6815828675034057,168.15828675034058
2021-07-09,0.014101086981141108,1.705295013784068,170.5295013784068
2021-07-12,0.002315246086204865,1.7092431913905561,170.92431913905563
2021-07-13,-0.005688643345608789,1.699519916483825,169.95199164838252
2021-07-14,-0.0024343475371881923,1.6953826943607304,169.53826943607305
2021-07-15,-0.0015901694796851855,1.6926867485437715,169.26867485437717
2021-07-16,-0.00825416629818719,1.6787150306305534,167.87150306305534
2021-07-19,-0.015749490832229252,1.6522761236457122,165.22761236457123
2021-07-20,0.01604665553702643,1.6787896294539082,167.8789629453908
2021-07-21,0.008933696305133187,1.6937874261636565,169.37874261636566
2021-07-22,-0.00343236336816125,1.6879737322486403,168.79737322486403
2021-07-23,0.003965566413926454,1.6946675041888355,169.46675041888355
2021-07-26,0.0018683109521589547,1.6978336700471792,169.78336700471792
2021-07-27,-0.0010756267860752052,1.696007434673376,169.6007434673376
2021-07-28,-0.002949097504234521,1.6910057433806176,169.10057433806176
2021-07-29,0.007251683777066574,1.7032683822968173,170.32683822968173
2021-07-30,-0.0034837390580470585,1.6973346397070732,169.73346397070733
2021-08-02,-0.0009377727999442076,1.6957429254495529,169.57429254495528
2021-08-03,0.011573882649135522,1.7153692550718078,171.53692550718077
2021-08-04,-0.013487492267990352,1.6922332255072783,169.22332255072783
2021-08-05,-0.0018965481936849785,1.6890238236401487,168.90238236401487
2021-08-06,0.005262651276993583,1.697912567022501,169.7912567022501
2021-08-09,-0.0034085544857682397,1.6921251395257342,169.21251395257343
2021-08-10,0.004754105577590018,1.7001696810895337,170.01696810895336
2021-08-11,0.005795409690410933,1.7100228609346628,171.0022860934663
2021-08-12,-0.0018508214144374619,1.7068579140044673,170.68579140044673
2021-08-13,-0.001787493601482544,1.7038069164045444,170.38069164045444
2021-08-16,0.003781617375677839,1.71025006224442,171.02500622444202
2021-08-17,-0.004490814797747839,1.7025696459570436,170.25696459570437
2021-08-18,-0.012455468012912018,1.6813633441920708,168.1363344192071
2021-08-19,-0.001878061690230532,1.6782056401079857,167.82056401079856
2021-08-20,0.006670171225563268,1.689399559079212,168.9399559079212
2021-08-23,0.0045468536860298735,1.6970810116915884,169.70810116915885
2021-08-24,0.0038556477117541936,1.7036243582109785,170.36243582109785
2021-08-25,0.0022561356784061687,1.70746796590814,170.746796590814
2021-08-26,-0.00829041483729958,1.6933123481493615,169.33123481493615
2021-08-27,0.00879972334505023,1.7082130283498334,170.82130283498333
2021-08-30,-0.0009580480234743726,1.7065764782343498,170.65764782343498
2021-08-31,0.0011335237210460117,1.7085109231542075,170.85109231542074
2021-09-01,-0.004336403731639989,1.701102130011494,170.1102130011494
2021-09-02,0.007975583972398746,1.7146694128950268,171.46694128950267
2021-09-03,-0.004437402465955769,1.7070607346139475,170.70607346139474
2021-09-07,-0.01042319480872353,1.6892677080267435,168.92677080267435
2021-09-08,-0.002993536722400807,1.6842108231087998,168.42108231087997
2021-09-09,-0.005266642382748233,1.6753406870063317,167.53406870063316
2021-09-10,-0.008123550034408365,1.6617309731107557,166.17309731107557
2021-09-13,0.010414135829775725,1.6790364651772767,167.90364651772768
2021-09-14,-0.01305426681655835,1.6571178751661215,165.71178751661216
2021-09-15,0.011097969348859149,1.6755085185521617,167.55085185521617
2021-09-16,-0.0019548945498998127,1.6722330760809332,167.2233076080933
2021-09-17,-0.0030263462808580994,1.6671723197304078,166.71723197304078
2021-09-20,-0.014888631756751296,1.6423504049868929,164.2350404986893
2021-09-21,-0.00351654044872257,1.6365750133567807,163.65750133567806
2021-09-22,0.005123988914071806,1.6449608055822675,164.49608055822677
2021-09-23,0.010408306086881015,1.66208206114769,166.208206114769
2021-09-24,1.1589313710138054e-06,1.6620839873867321,166.20839873867322
2021-09-27,0.007508572201565575,1.6745638650110914,167.45638650110914
2021-09-28,-0.011125744667931554,1.6559330950188333,165.59330950188334
2021-09-29,0.0034858981594196006,1.6617055091468815,166.17055091468816
2021-09-30,-0.016790948387627964,1.6338038977073592,163.38038977073592
2021-10-01,0.007194663772322682,1.6455585674212738,164.5558567421274
2021-10-04,-0.0052748356090112376,1.6368785164931265,163.68785164931265
2021-10-05,0.0064203405676690395,1.6473878340369132,164.73878340369131
2021-10-06,-0.0023083532828678975,1.6435850809220574,164.35850809220574
2021-10-07,0.010576436313302098,1.660968353855923,166.0968353855923
2021-10-08,-0.0031104259956012976,1.6558020347102185,165.58020347102186
2021-10-11,-0.008853894456666792,1.64114173825376,164.114173825376
2021-10-12,-0.006803838642223671,1.629975674677663,162.99756746776632
2021-10-13,0.000792766476268133,1.63126786474968,163.12678647496801
2021-10-14,0.01760274491895028,1.6599826568673492,165.99826568673492
2021-10-15,0.005120651363886135,1.6684828493232644,166.84828493232644
2021-10-18,-0.0047408598822551665,1.660572805918677,166.0572805918677
2021-10-19,0.007864199489390971,1.6736318817310791,167.36318817310791
2021-10-20,0.011613674984213965,1.6930688984487223,169.30688984487225
2021-10-21,-9.91018482962118e-05,1.6929011121915933,169.29011121915934
2021-10-22,-0.004397395315952953,1.6854567567704706,168.54567567704706
2021-10-25,0.004220718350475251,1.6925705950327041,169.25705950327043
2021-10-26,-0.0006387374137770558,1.6914894868681978,169.14894868681978
2021-10-27,-0.014444293436245512,1.6670571163755492,166.7057116375549
2021-10-28,0.008076986588297221,1.68052191434644,168.05219143464402
2021-10-29,-0.0010339998963507608,1.6787842548611907,167.87842548611906
2021-11-01,0.008017976219097618,1.6922447070936633,169.22447070936633
2021-11-02,0.005534016268654535,1.7016096168332642,170.1609616833264
2021-11-03,0.010099707957066991,1.718795377020217,171.87953770202168
2021-11-04,-0.005196146467550903,1.7098642644934703,170.98642644934702
2021-11-05,0.007854309245940442,1.7232940671953845,172.32940671953844
2021-11-08,0.00423167656959185,1.7305864903220518,173.05864903220518
2021-11-09,-0.0027680475906220704,1.7257961445571528,172.57961445571527
2021-11-10,-0.003585613056905055,1.7196081073676723,171.96081073676723
2021-11-11,0.004692403173780196,1.7276772019083426,172.76772019083427
2021-11-12,0.0037232152551224225,1.7341097160224148,173.4109716022415
2021-11-15,-0.0028845580331754066,1.7291075759106547,172.91075759106548
2021-11-16,-0.0011249095144700853,1.7271624863469706,172.71624863469705
2021-11-17,-0.0024567907834110595,1.72291920946906,172.291920946906
2021-11-18,-0.003988428177475167,1.7160474699465005,171.60474699465004
2021-11-19,-0.006310792079259095,1.7052178511655294,170.52178511655293
2021-11-22,0.006412276012833151,1.7161521786892129,171.6152178689213
2021-11-23,0.006081488068441564,1.7265889376875414,172.65889376875413
2021-11-24,-0.002192133305004707,1.722804024573184,172.2804024573184
2021-11-26,-0.015054466039685226,1.696868129892214,169.68681298922138
2021-11-29,0.005644412663447004,1.706445953852777,170.6445953852777
2021-11-30,-0.02438192134183613,1.664839522831844,166.4839522831844
2021-12-01,-0.0079135828332141,1.6516646773639057,165.16646773639056
2021-12-02,0.014790768538956924,1.6760940673107663,167.60940673107663
2021-12-03,0.0012286859453905124,1.6781534605344235,167.81534605344234
2021-12-06,0.010181698729406476,1.695239913491296,169.5239913491296
2021-12-07,0.013101933677961546,1.7174508344060926,171.74508344060925
2021-12-08,-0.000541312893801794,1.716521156124958,171.6521156124958
2021-12-09,-0.003299143063601309,1.7108581072592035,171.08581072592034
2021-12-10,0.0077877608006335685,1.724181860962363,172.4181860962363
2021-12-13,-0.003838505970531825,1.7175635785947763,171.75635785947762
2021-12-14,0.002676199586573598,1.7221601215337254,172.21601215337253
2021-12-15,0.01168601367203732,1.742285308259406,174.2285308259406
2021-12-16,0.0068274319143345665,1.7541806425768927,175.41806425768925
2021-12-17,-0.007938253798317009,1.7402555114280225,174.02555114280224
2021-12-20,-0.009259574584803355,1.7241414857233397,172.41414857233397
2021-12-21,0.012737997793496901,1.7461035961641602,174.61035961641602
2021-12-22,0.006567140355097801,1.7575705035547111,175.7570503554711
2021-12-23,0.006871253493971944,1.7696472160181633,176.96472160181634
2021-12-27,0.01071060925621504,1.7886012158702826,178.86012158702826
2021-12-28,-0.000387292624552583,1.7879085038111102,178.79085038111103
2021-12-29,0.004312681782333223,1.7956191842439748,179.56191842439748
2021-12-30,-0.0009003258054245127,1.7940025419556846,179.40025419556846
2021-12-31,-0.001678504372138238,1.7909913008453848,179.09913008453847
2022-01-03,0.004457763952624535,1.7989751173057573,179.89751173057573
2022-01-04,0.007331308675551459,1.8121639591903624,181.21639591903624
2022-01-05,-0.00488967432247293,1.8033030676109985,180.33030676109985
2022-01-06,-0.002827916030051164,1.7982034779590608,179.8203477959061
2022-01-07,0.0016099550920975231,1.8010985048050285,180.10985048050284
2022-01-10,0.001559669061638663,1.8039076224199366,180.39076224199366
2022-01-11,0.0067934134678173524,1.8161623127567825,181.61623127567825
2022-01-12,-5.265193657372769e-05,1.8160666882938836,181.60666882938835
2022-01-13,-0.002431907843905994,1.8116501814695654,181.16501814695653
2022-01-14,0.003438234045278594,1.8178790588016291,181.78790588016292
2022-01-18,-0.016630343016326314,1.7876471064915618,178.76471064915617
2022-01-19,-0.012099633737456015,1.7660172312511908,176.6017231251191
2022-01-20,-0.013325135087759007,1.7424848130774586,174.24848130774586
2022-01-21,-0.015561760481877993,1.7153686817730374,171.53686817730375
2022-01-24,0.003793583301111857,1.7218760757594618,172.18760757594617
2022-01-25,-0.002654784976439787,1.7173048650222444,171.73048650222444
2022-01-26,-0.005081015960782608,1.7085792115935368,170.85792115935368
2022-01-27,-0.006027478810350553,1.6982807865998513,169.82807865998512
2022-01-28,0.015714476601376943,1.7249683802834428,172.49683802834429
2022-01-31,0.008738490734643299,1.7400420004921022,174.00420004921023
2022-02-01,0.00610327237516866,1.7506619507653387,175.06619507653386
2022-02-02,0.010560919247209179,1.769150550256533,176.9150550256533
2022-02-03,-0.009359701930469038,1.7525918284360065,175.25918284360066
2022-02-04,-0.006147206640247404,1.7418182843106014,174.18182843106013
2022-02-07,0.0012379312600564673,1.7439745356140874,174.39745356140875
2022-02-08,0.011781260968805399,1.7645207547411084,176.45207547411084
2022-02-09,0.011348440088846501,1.7845453128118143,178.45453128118143
2022-02-10,-0.01540460781643699,1.7570550921372874,175.70550921372873
2022-02-11,-0.010696090019785503,1.7382614727020644,173.82614727020643
2022-02-14,-0.00858401028330082,1.7233402183453244,172.33402183453245
2022-02-15,0.015159952835115169,1.7494659747742967,174.94659747742966
2022-02-16,0.0017361559812500123,1.7525033205903946,175.25033205903947
2022-02-17,-0.013585351043827455,1.728694947774701,172.8694947774701
2022-02-18,-0.004749360314338674,1.720484752594142,172.0484752594142
2022-02-22,-0.009811155807473276,1.7036048086220588,170.3604808622059
2022-02-23,-0.012717762734948412,1.6819387668718861,168.1938766871886
2022-02-24,0.002994051643527576,1.6869745784011518,168.6974578401152
2022-02-25,0.028208921955839274,1.7345623126247547,173.45623126247546
2022-02-28,-0.0016554553499153577,1.7316908221645584,173.16908221645585
2022-03-01,-0.0134197394943525,1.7084519824463489,170.8451982446349
2022-03-02,0.023953049017897896,1.749374616526611,174.9374616526611
2022-03-03,0.0011828913114782299,1.7514439365610208,175.14439365610207
2022-03-04,-0.0034962151372896636,1.7453205117579018,174.53205117579017
2022-03-07,-0.020534716828751468,1.7094808492735416,170.94808492735416
2022-03-08,-0.009113125022422102,1.6939021365706755,169.39021365706753
2022-03-09,0.017207033996439212,1.723049168221288,172.3049168221288
2022-03-10,-0.0008689296231169864,1.7215519597569335,172.15519597569335
2022-03-11,-0.0058135267112256524,1.7115436714541237,171.15436714541238
2022-03-14,-0.003207476985159754,1.7060539345188388,170.60539345188388
2022-03-15,0.014587754274384308,1.7309414300944463,173.09414300944462
2022-03-16,0.016297632059009914,1.759151676637822,175.9151676637822
2022-03-17,0.014492741112261487,1.7846466064645345,178.46466064645347
2022-03-18,0.00035454426679093227,1.7852793426871045,178.52793426871045
2022-03-21,0.0038416150942280386,1.7921376987573847,179.21376987573848
2022-03-22,0.002970611176292888,1.797461443034769,179.7461443034769
2022-03-23,-0.01035081424338362,1.778856253528272,177.8856253528272
2022-03-24,0.013072791065882931,1.8021108696668864,180.21108696668864
2022-03-25,0.008370289908020294,1.8171950600923927,181.71950600923927
2022-03-28,0.0006341642876037592,1.8183474603031133,181.83474603031132
2022-03-29,0.0057990101271782595,1.8288920756401401,182.88920756401401
2022-03-30,-0.003361736438491798,1.8227438225073918,182.27438225073917
2022-03-31,-0.015929228945302187,1.7937089188500364,179.37089188500363
2022-04-01,0.0011944886468085556,1.7958514837892818,179.58514837892818
2022-04-04,-0.00495815896029276,1.7869473666635771,178.6947366663577
2022-04-05,-0.010742706739223711,1.7677507151450822,176.77507151450823
2022-04-06,-0.002587069513454278,1.7631774211625433,176.31774211625432
2022-04-07,0.0044086103541613915,1.7709505833977042,177.09505833977042
2022-04-08,0.009491470818156093,1.7877595091804201,178.775950918042
2022-04-11,-0.0014305040363455498,1.7852021119865222,178.52021119865222
2022-04-12,-0.0013928379406362502,1.7827156147532435,178.27156147532435
2022-04-13,0.007409577093674645,1.7959247835368553,179.59247835368552
2022-04-14,-0.004396451753639872,1.7880290868728692,178.80290868728693
2022-04-18,0.001852083543731627,1.7913406661203801,179.134066612038
2022-04-19,0.013426440375681824,1.8153919947665795,181.53919947665796
2022-04-20,0.006946983434217578,1.828003492880834,182.8003492880834
2022-04-21,-0.010076974183809626,1.8095827488751601,180.958274887516
2022-04-22,-0.0318497914745044,1.7519479156676259,175.19479156676258
2022-04-25,0.002117960900405093,1.7556584728525562,175.56584728525561
2022-04-26,-0.02005695152979446,1.7204453159596795,172.04453159596795
2022-04-27,-0.0017382264511557803,1.7174547924037113,171.74547924037114
2022-04-28,0.01200226026168898,1.7380681318098257,173.80681318098257
2022-04-29,-0.029900356418533783,1.6860992751890167,168.60992751890166
2022-05-02,0.00223797053134108,1.6898727156798052,168.9872715679805
2022-05-03,0.010583350409277761,1.7077572307769224,170.77572307769225
2022-05-04,0.031633354127902816,1.7617793200225755,176.17793200225756
2022-05-05,-0.024968874267388155,1.7177896736940472,171.7789673694047
2022-05-06,0.0006863806289702591,1.718968731250716,171.8968731250716
2022-05-09,-0.022903485200925222,1.679598356353662,167.9598356353662
2022-05-10,-0.0010418893009988706,1.6778484007962018,167.78484007962018
2022-05-11,-0.011542621567419354,1.6584816316583115,165.84816316583115
2022-05-12,0.00012628058005915944,1.658691065680775,165.86910656807748
2022-05-13,0.015347219466519414,1.6841473614929328,168.41473614929328
2022-05-16,0.002097503025293845,1.6876798656787049,168.76798656787048
2022-05-17,0.02329481384869739,1.726994053985885,172.6994053985885
2022-05-18,-0.03412841982049696,1.6680544758839526,166.80544758839525
2022-05-19,-0.0031146749935157692,1.6628590283200948,166.28590283200947
2022-05-20,-0.000990018812318325,1.6612127665998246,166.12127665998247
2022-05-23,0.012537827968228084,1.6820407664860773,168.20407664860772
2022-05-24,-0.0033495171094576606,1.676406742159927,167.6406742159927
2022-05-25,0.011537840536438302,1.6957488558251783,169.57488558251782
2022-05-26,0.01606475081134209,1.7229906386326281,172.2990638632628
2022-05-27,0.019439090327701844,1.7564840092907923,175.64840092907923
2022-05-31,-0.009669031283340245,1.7395005104562726,173.95005104562728
2022-06-01,-0.007822179737745356,1.7258938248095839,172.5893824809584
2022-06-02,0.00807925953460584,1.7398377689493938,173.98377689493938
2022-06-03,-0.013532151060424661,1.7162940214393383,171.62940214393382
2022-06-06,0.00598272797071669,1.7265621416873773,172.65621416873773
2022-06-07,0.009482803913982473,1.7429347919223044,174.29347919223045
2022-06-08,-0.015291039327581676,1.71628350747361,171.628350747361
2022-06-09,-0.019866946168895335,1.682186195420069,168.2186195420069
2022-06-10,-0.024265506249866897,1.6413670957816635,164.13670957816635
2022-06-13,-0.0424865703369435,1.5716310372179911,157.1631037217991
2022-06-14,-0.0025692316710191907,1.567593152982014,156.7593152982014
2022-06-15,0.007125713791439684,1.5787633731315844,157.87633731315844
2022-06-16,-0.04009230653178711,1.5154671080348348,151.54671080348348
2022-06-17,0.001958049298154105,1.518434467342098,151.8434467342098
2022-06-21,0.019171615237431206,1.5475453087132345,154.75453087132345
2022-06-22,-0.0017837713492918847,1.544784841729821,154.4784841729821
2022-06-23,0.002151168688534334,1.5481079345118725,154.81079345118724
2022-06-24,0.028328222663372638,1.5919630807876586,159.19630807876587
2022-06-27,0.0038998188370477386,1.598171448397999,159.8171448397999
2022-06-28,-0.014841778295373026,1.5744517420828807,157.44517420828808
2022-06-29,-0.004012758187176593,1.5681338479645233,156.81338479645234
2022-06-30,-0.007812204299790166,1.5558832659748083,155.58832659748083
2022-07-01,0.012432253397650462,1.5752264009945711,157.5226400994571
2022-07-05,-0.006875188328027793,1.564396422828452,156.4396422828452
2022-07-06,-0.0014745844078610944,1.5620895882556354,156.20895882556354
2022-07-07,0.0151925807177147,1.5858217604135108,158.58217604135106
2022-07-08,0.001987566604478087,1.5889736867851634,158.89736867851633
2022-07-11,-0.009500842574513384,1.5738770979319734,157.38770979319733
2022-07-12,0.0007495594121415619,1.5750568123242825,157.50568123242826
2022-07-13,-0.0059406939882542895,1.5656998817881487,156.56998817881487
2022-07-14,-0.008407185448949158,1.552536752524558,155.2536752524558
2022-07-15,0.020470049949858952,1.5843172573977273,158.43172573977273
2022-07-18,-0.004995920898320098,1.5764021337019247,157.64021337019247
2022-07-19,0.028341402419992737,1.6210795809489063,162.10795809489062
2022-07-20,-0.000634018732292262,1.6200517861280481,162.0051786128048
2022-07-21,-0.0032692162937661313,1.6147554864320934,161.47554864320935
2022-07-22,-0.009001831456302654,1.6002197297000917,160.0219729700092
2022-07-25,0.006691288268149966,1.610927261203896,161.0927261203896
2022-07-26,-0.005875068343071244,1.6014629534486065,160.14629534486065
2022-07-27,0.014532147187064231,1.6247356488027522,162.47356488027523
2022-07-28,0.007223958720148054,1.6364726720608564,163.64726720608564
2022-07-29,0.0089363890768607,1.6510968285720422,165.10968285720423
2022-08-01,-0.003330204751739627,1.6455983380679493,164.55983380679493
2022-08-02,-0.010777384707387002,1.6278630917047543,162.78630917047542
2022-08-03,0.011829345523736847,1.6471196466818683,164.71196466818682
2022-08-04,-0.002765961592968158,1.642563777000123,164.25637770001228
2022-08-05,0.0005400773331167795,1.6434508884642793,164.34508884642793
2022-08-08,0.002273683731573953,1.6471875760130215,164.71875760130214
2022-08-09,-0.004074935073977546,1.640475393586106,164.0475393586106
2022-08-10,0.015810272536208068,1.6664117566476457,166.64117566476457
2022-08-11,0.005643284939785794,1.6758157930174173,167.58157930174173
2022-08-12,0.016693835013904635,1.7037915853797456,170.37915853797458
2022-08-15,0.003138896117188421,1.7091396101715923,170.91396101715924
2022-08-16,0.006019744753766531,1.7194281943733771,171.9428194373377
2022-08-17,-0.013068818383667812,1.6969572995773536,169.69572995773535
2022-08-18,0.0017511669555070703,1.6999289551252799,169.99289551252798
2022-08-19,-0.011654657321123328,1.6801168656830394,168.01168656830393
2022-08-22,-0.021655872183632123,1.643732469586243,164.3732469586243
2022-08-23,-0.0006996331101297048,1.6425824599263252,164.2582459926325
2022-08-24,0.004502120481528855,1.6499775640617593,164.99775640617594
2022-08-25,0.016323477043405955,1.6769109349508564,167.69109349508565
2022-08-26,-0.029646137208532805,1.6271970032868144,162.71970032868143
2022-08-29,-0.0026991388854272036,1.6228049725809923,162.28049725809925
2022-08-30,-0.011790962799886485,1.603670539517819,160.3670539517819
2022-08-31,-0.010001415328202597,1.5876315644024985,158.76315644024984
2022-09-01,0.0009351066491354652,1.5891161692347486,158.91161692347487
2022-09-02,-0.009682046624211127,1.57373027239293,157.373027239293
2022-09-06,-0.009710651436859718,1.558448326262088,155.8448326262088
2022-09-07,0.015726595955286724,1.5829574134064048,158.2957413406405
2022-09-08,0.006131925989345776,1.5926639911096991,159.26639911096993
2022-09-09,0.013787755755404791,1.6146232532195477,161.46232532195478
2022-09-12,0.009080043986654674,1.6292841033806567,162.92841033806567
2022-09-13,-0.040292846307527344,1.5636356094118422,156.36356094118423
2022-09-14,-0.005414461581366261,1.5551693644774256,155.51693644774255
2022-09-15,-0.002146591738748035,1.5518310507672843,155.18310507672842
2022-09-16,-0.009390786480806691,1.537258136715243,153.7258136715243
2022-09-19,0.008643518796112607,1.5505454563144183,155.05454563144184
2022-09-20,-0.01488503864641628,1.5274655272741529,152.7465527274153
2022-09-21,-0.018433239166787605,1.499309389890885,149.9309389890885
2022-09-22,-0.008479446407306593,1.4865960762713337,148.65960762713337
2022-09-23,-0.01649480491192904,1.462074964010399,146.2074964010399
2022-09-26,-0.015551974576178077,1.4393368113416427,143.93368113416426
2022-09-27,0.0035012028338805784,1.4443762214644207,144.43762214644207
2022-09-28,0.026254518519791416,1.4822976237204046,148.22976237204045
2022-09-29,-0.01782214024362741,1.455879907587664,145.5879907587664
2022-09-30,-0.01063354076427268,1.440398749242445,144.03987492424451
2022-10-03,0.03231521338078849,1.4869455421776354,148.69455421776354
2022-10-04,0.03132183458494381,1.5335194044865428,153.3519404486543
2022-10-05,-0.00043262841192688356,1.5328559604219207,153.28559604219208
2022-10-06,-0.007730801432028371,1.5210057553679976,152.10057553679977
2022-10-07,-0.0229891551809412,1.486039118026738,148.6039118026738
2022-10-10,-0.005486406078569533,1.477886103976604,147.7886103976604
2022-10-11,-0.0029798154469493107,1.4734822761351427,147.34822761351427
2022-10-12,-0.004028863531859791,1.46754581712798,146.754581712798
2022-10-13,0.030161450015421285,1.511809126936626,151.1809126936626
2022-10-14,-0.018679791203611483,1.4835688481057356,148.35688481057358
2022-10-17,0.019065354547889497,1.5118536141910757,151.18536141910758
2022-10-18,0.009992097013616339,1.5269602021744593,152.69602021744592
2022-10-19,-0.0052756477006389475,1.5189044980948905,151.89044980948904
2022-10-20,-0.004735763514242541,1.5117113255911938,151.17113255911937
2022-10-21,0.024338717625754885,1.5485044406764132,154.85044406764132
2022-10-24,0.012676394804322953,1.5681338943226748,156.81338943226748
2022-10-25,0.012091482133118402,1.5870949572882147,158.70949572882148
2022-10-26,0.0032774317088353636,1.5922965526261637,159.22965526261638
2022-10-27,-0.011089162186965052,1.5746393179043467,157.46393179043469
2022-10-28,0.02090430229471181,1.607556054210958,160.7556054210958
2022-10-31,-0.00793902081257333,1.5947936332391988,159.47936332391987
2022-11-01,0.006405688905780712,1.6050093851226488,160.50093851226487
2022-11-02,-0.021327904926033644,1.5707778975513613,157.07778975513614
2022-11-03,-0.0028810323265184203,1.5662524356507352,156.62524356507353
2022-11-04,0.01483254962339325,1.5894839526252853,158.94839526252852
2022-11-07,0.012521930304853253,1.6093873599007416,160.93873599007415
2022-11-08,0.004938361088368972,1.6173350958149881,161.73350958149882
2022-11-09,-0.019584907376842618,1.5856597377661348,158.56597377661348
2022-11-10,0.04147943175146927,1.651432002639858,165.1432002639858
2022-11-11,0.00984719833627417,1.667693981108723,166.76939811087232
2022-11-14,-0.00132379739876573,1.665486292154594,166.5486292154594
2022-11-15,0.00646631994280647,1.6762558593800243,167.62558593800242
2022-11-16,-0.015026414651940373,1.6510677437742356,165.10677437742356
2022-11-17,0.0017884174662061115,1.654020542165091,165.4020542165091
2022-11-18,0.006341417561880841,1.6645093770788884,166.45093770788884
2022-11-21,-0.0030323158455437217,1.6594620589197158,165.94620589197157
2022-11-22,0.01876034789154072,1.6905941444578623,169.05941444578622
2022-11-23,0.00017386919076631632,1.6908880866936733,169.08880866936732
2022-11-25,0.0019631736224419013,1.6942075935839715,169.42075935839716
2022-11-28,-0.015190052869968542,1.6684724906647288,166.84724906647287
2022-11-29,0.005647827455781837,1.6778957354067219,167.7895735406722
2022-11-30,0.019941578093749898,1.711355624247505,171.1355624247505
2022-12-01,-0.0028450865755399596,1.7064866693349836,170.64866693349836
2022-12-02,0.0006472488063388052,1.7075911907947436,170.75911907947437
2022-12-05,-0.0176268878081201,1.6774916724524707,167.74916724524707
2022-12-06,-0.013006963198288953,1.6556726000034452,165.5672600003445
2022-12-07,-0.0010530277880661607,1.6539291307477018,165.39291307477018
2022-12-08,0.005121725790056333,1.662400102231578,166.2400102231578
2022-12-09,-0.008110965164458772,1.648916432912985,164.8916432912985
2022-12-12,0.01470441829515131,1.6731627898762862,167.3162789876286
2022-12-13,0.0059478181883660785,1.6831144579500097,168.31144579500096
2022-12-14,-0.0035214838948276345,1.6771873974931872,167.71873974931873
2022-12-15,-0.02173934623804482,1.6407264399529975,164.07264399529976
2022-12-16,-0.009512092522043051,1.6251196982528022,162.51196982528023
2022-12-19,-0.007241272420375104,1.6133517638020358,161.3351763802036
2022-12-20,0.0028456228000775024,1.6179427543656562,161.7942754365656
2022-12-21,0.016177324763108153,1.644116739751147,164.4116739751147
2022-12-22,-0.011853911734294635,1.6246275250372606,162.46275250372605
2022-12-23,0.009189277045868128,1.639556677461171,163.9556677461171
2022-12-27,-0.0008995638457579453,1.638081791551056,163.8081791551056
2022-12-28,-0.014117755572806336,1.6149557532096734,161.49557532096733
2022-12-29,0.014714460142514742,1.638718955272202,163.8718955272202
2022-12-30,-0.0006579774452504028,1.6376407151605286,163.76407151605287
2023-01-03,-0.00288911774804017,1.6329093783054451,163.29093783054452
2023-01-04,0.011969617865486296,1.65245467957273,165.245467957273
2023-01-05,0.0003603292683695362,1.6530501073584343,165.30501073584344
2023-01-06,0.022316697900602034,1.6899407272189102,168.99407272189103
2023-01-09,-0.008210995352664018,1.676064631761438,167.6064631761438
2023-01-10,0.008210318461557745,1.689825656150353,168.9825656150353
2023-01-11,0.007695664595389026,1.7028299876247692,170.28299876247692
2023-01-12,0.006003719419426509,1.7130533010894538,171.30533010894538
2023-01-13,-0.0002276169442683093,1.712663381131691,171.2663381131691
2023-01-17,-0.007535810944765459,1.6997570736794598,169.97570736794597
2023-01-18,-0.014671455296757868,1.6748191637576237,167.48191637576238
2023-01-19,-0.0026688961936422637,1.670349245266432,167.03492452664318
2023-01-20,0.01458095266873226,1.6947045285519142,169.4704528551914
2023-01-23,0.0076530227181100755,1.7076741408094058,170.76741408094057
2023-01-24,-0.0014660455071308122,1.7051706128076287,170.51706128076287
2023-01-25,0.0034488782869758145,1.71105153870973,171.105153870973
2023-01-26,0.009930096774032907,1.7280424460744757,172.80424460744757
2023-01-27,-0.003956452294861601,1.721205528573086,172.1205528573086
2023-01-30,-0.012033182652496973,1.7004939480652785,170.04939480652786
2023-01-31,0.01611030116009663,1.727889417689532,172.7889417689532
2023-02-01,0.004643097700510281,1.7359121770715424,173.59121770715424
2023-02-02,0.014427268095174767,1.760956647439832,176.0956647439832
2023-02-03,-0.008183909483539125,1.7465451376327479,174.6545137632748
2023-02-06,-0.008297895868806778,1.7320524879505006,173.20524879505007
2023-02-07,0.011523125201324754,1.7520111456244203,175.20111456244203
2023-02-08,-0.011832266188349535,1.7312808833844369,173.1280883384437
2023-02-09,-0.007644504045029343,1.7180460996683224,171.80460996683223
2023-02-10,0.009685113739428687,1.734685571553192,173.4685571553192
2023-02-13,0.009539631153320734,1.7512338320727967,175.12338320727966
2023-02-14,-0.0011192390818757364,1.7492737827264377,174.92737827264378
2023-02-15,-0.002437259033212802,1.7450103493979254,174.50103493979253
2023-02-16,-0.008169929195832148,1.7307537383973501,173.07537383973502
2023-02-17,-0.004576565696235542,1.7228328302095695,172.28328302095696
2023-02-21,-0.017676570311991484,1.6923790545505628,169.23790545505628
2023-02-22,-0.002579510936093598,1.688013544271334,168.8013544271334
2023-02-23,0.003191834243562389,1.6934014037055363,169.34014037055363
2023-02-24,-0.005971785775712758,1.6832887732903155,168.32887732903154
2023-02-27,0.0006460355856848182,1.6843762377388447,168.43762377388447
2023-02-28,-0.0025472402723119795,1.680085726752351,168.00857267523511
2023-03-01,0.0028596133454773217,1.6848901223181179,168.48901223181178
2023-03-02,0.00673723355799964,1.6962416205917414,169.62416205917415
2023-03-03,0.013824080688213527,1.7196906016215077,171.96906016215075
2023-03-06,-0.0013309941000849753,1.717401703576778,171.74017035767778
2023-03-07,-0.014310994993082988,1.6928239763957784,169.28239763957785
2023-03-08,-0.00163151486868478,1.6900621089082226,169.00621089082227
2023-03-09,-0.017432184394296356,1.660600634587921,166.0600634587921
2023-03-10,-0.011368882352224555,1.6417214613392614,164.17214613392613
2023-03-13,-0.008227365061571713,1.6282144195474064,162.82144195474064
2023-03-14,0.012072374657068192,1.6478708340422235,164.78708340422236
2023-03-15,-0.015841320228994708,1.62176638446414,162.176638446414
2023-03-16,0.01472423715177471,1.6456456573137659,164.56456573137658
2023-03-17,-0.016366371318797677,1.6187124094270018,161.87124094270018
2023-03-20,0.014955222069443587,1.6429206129765466,164.29206129765467
2023-03-21,0.012703197332654188,1.6637909577250727,166.37909577250727
2023-03-22,-0.01715845752783513,1.6352428712417508,163.5242871241751
2023-03-23,-0.0007307976334918486,1.634047839621263,163.4047839621263
2023-03-24,0.005436620518511349,1.6429315376343772,164.29315376343772
2023-03-27,0.0071892091783945684,1.654742916124212,165.4742916124212
2023-03-28,0.0010458251373112553,1.6564734878616825,165.64734878616824
2023-03-29,0.013976496398232764,1.6796251835985492,167.96251835985493
2023-03-30,0.0040871511204809575,1.686490065549682,168.6490065549682
2023-03-31,0.01229733420120132,1.7072293975127524,170.72293975127525
2023-04-03,0.007419507344295982,1.7198961985659962,171.98961985659963
2023-04-04,-0.0072938973125249796,1.7073514523054538,170.73514523054538
2023-04-05,0.005069356167156765,1.7160066249197028,171.60066249197027
2023-04-06,0.005364702216300515,1.725212489463596,172.5212489463596
2023-04-10,0.0026832498130500435,1.7298416655534208,172.98416655534209
2023-04-11,0.002655421469514861,1.7344351242509928,173.44351242509927
2023-04-12,-0.005696990325236443,1.7245540641283847,172.45540641283847
2023-04-13,0.011272239496100563,1.7439936505632132,174.39936505632133
2023-04-14,-0.0019304398382923855,1.740626975742437,174.0626975742437
2023-04-17,-0.0021531653758585716,1.736879118005983,173.6879118005983
2023-04-18,-0.003022883299195701,1.7316287351274409,173.16287351274408
2023-04-19,-0.007922632032634462,1.7179096778418899,171.79096778418898
2023-04-20,-0.005894620832132022,1.7077832516671618,170.77832516671617
2023-04-21,0.0004912619408549161,1.7086222205819355,170.86222205819354
2023-04-24,0.002332324247018008,1.7126072816159923,171.26072816159922
2023-04-25,-0.014284270419466352,1.6881439360830424,168.81439360830424
2023-04-26,-0.010192150653008956,1.6709381187625205,167.09381187625206
2023-04-27,0.023724753306297783,1.7105807134202509,171.05807134202507
2023-04-28,0.008033757118882018,1.724323103404113,172.4323103404113
2023-05-01,0.002904531046341155,1.7293314533918736,172.93314533918735
2023-05-02,-0.012391735217414195,1.7079020359182953,170.79020359182954
2023-05-03,-0.006181968143652085,1.6973438399397698,169.734383993977
2023-05-04,-0.01136347837684764,1.6780561099165388,167.80561099165388
2023-05-05,0.013808582251513091,1.7012276857329753,170.12276857329752
2023-05-08,0.002560566531054158,1.705583792406766,170.5583792406766
2023-05-09,-0.004758191166886998,1.6974682986713505,169.74682986713506
2023-05-10,0.004069783754163469,1.7043766275764907,170.43766275764906
2023-05-11,0.002442830418672763,1.7085401306472094,170.85401306472093
2023-05-12,-0.00024850162513957274,1.7081155556481276,170.81155556481275
2023-05-15,0.004028616376162293,1.714996897947989,171.4996897947989
2023-05-16,-0.006342843862656882,1.704118940399364,170.41189403993639
2023-05-17,0.011395407621495303,1.7235380703607253,172.35380703607254
2023-05-18,0.006868969390660058,1.7353770006096705,173.53770006096704
2023-05-19,-0.0006479228684893902,1.734252610165525,173.4252610165525
2023-05-22,0.004789529394055048,1.7425588640186291,174.2558864018629
2023-05-23,-0.008854597668049522,1.7271292063648507,172.71292063648508
2023-05-24,-0.0089594655962332,1.7116550516601754,171.16550516601754
2023-05-25,-0.0016661301423054812,1.708803211585375,170.8803211585375
2023-05-26,0.009703409039389453,1.7253844281152104,172.53844281152104
2023-05-30,-0.0026712726366288735,1.7207754559047206,172.07754559047206
2023-05-31,-0.0018330534268689717,1.7176211825584022,171.76211825584022
2023-06-01,0.0069754970601490955,1.729602444067788,172.9602444067788
2023-06-02,0.014101504531586333,1.7539924407706529,175.39924407706528
2023-06-05,-0.0012933742920803724,1.751723872039257,175.1723872039257
2023-06-06,0.005450099875387428,1.7612709420959713,176.12709420959715
2023-06-07,-0.00012713471893930375,1.761047023409772,176.10470234097718
2023-06-08,0.0020797057341932473,1.7647094830025412,176.47094830025412
2023-06-09,-0.0009445992780586247,1.7630425396989136,176.30425396989136
2023-06-12,0.007918790913543616,1.7770037049424723,177.70037049424724
2023-06-13,0.0076004926234808125,1.7905098084937854,179.05098084937853
2023-06-14,-0.00719171983018472,1.7776329635979002,177.76329635979002
2023-06-15,0.014399587415577165,1.8032301448500396,180.32301448500397
2023-06-16,-0.003392569441875123,1.7971125613639534,179.71125613639535
2023-06-20,-0.0040851422011903855,1.789771100999236,178.9771100999236
2023-06-21,-0.005456260370780803,1.7800056438680851,178.00056438680852
2023-06-22,0.003565331499564111,1.7863519540595698,178.63519540595698
2023-06-23,-0.005825414105475697,1.7759457141890471,177.5945714189047
2023-06-26,-0.004336338516621845,1.7682446123851796,176.82446123851796
2023-06-27,0.010002142411320258,1.7859308468163062,178.59308468163061
2023-06-28,-9.170983605518655e-05,1.7857670593911388,178.57670593911388
2023-06-29,0.0022498124677447838,1.789784700385845,178.9784700385845
2023-06-30,0.008865740226544265,1.805652466600909,180.5652466600909
2023-07-03,0.002153511623905814,1.8095409601764683,180.95409601764683
2023-07-05,-0.00017364059157520494,1.8092267504136637,180.92267504136638
2023-07-06,-0.009561844397607508,1.791927205746219,179.1927205746219
2023-07-07,-0.002958100035026232,1.7866265058161366,178.66265058161366
2023-07-10,0.0029141802744603626,1.791833057537214,179.18330575372138
2023-07-11,0.00878555049167442,1.8075752973368586,180.75752973368586
2023-07-12,0.003990326829526184,1.8147881135422108,181.47881135422108
2023-07-13,0.00776175931847743,1.828874062093559,182.8874062093559
2023-07-14,-0.002719417213969949,1.8239005904869188,182.39005904869188
2023-07-17,-0.0008065235833935713,1.8224295716469254,182.24295716469254
2023-07-18,0.007800819593725066,1.8366460159576128,183.66460159576127
2023-07-19,0.004331151194583845,1.8446008075436553,184.46008075436552
2023-07-20,-0.004014718986858455,1.8371952536584353,183.71952536584354
2023-07-21,0.000997723613088787,1.8390282667448647,183.90282667448648
2023-07-24,0.0026431535625061208,1.8438891008596612,184.38891008596613
2023-07-25,0.0015542118045808997,1.846754895066555,184.6754895066555
2023-07-26,0.00828595912867233,1.8620570306477522,186.2057030647752
2023-07-27,0.0015154409918581469,1.8648788682011732,186.48788682011732
2023-07-28,0.010440643087076262,1.8843494028646923,188.43494028646924
2023-07-31,0.0013145298837295048,1.886826436466146,188.6826436466146
2023-08-01,-0.0028175323353779036,1.8815102419701568,188.1510241970157
2023-08-02,-0.00911492726399905,1.8643604129681295,186.43604129681296
2023-08-03,-0.002671829371381235,1.8593791600579208,185.9379160057921
2023-08-04,-0.0035651608019508256,1.8527501743605181,185.27501743605183
2023-08-07,0.016000886425855877,1.8823958194759454,188.23958194759453
2023-08-08,-0.001781934891609356,1.8790415126854016,187.90415126854018
2023-08-09,-0.007209530768268454,1.8654945050848426,186.54945050848426
2023-08-10,-0.0003337292377235838,1.864871935025683,186.48719350256832
2023-08-11,0.0009681913078154531,1.8666774878233638,186.6677487823364
2023-08-14,0.005096112163438248,1.876190285674277,187.6190285674277
2023-08-15,-0.011589283320465051,1.8544465848904934,185.44465848904935
2023-08-16,-0.008476721851388891,1.8387269570021185,183.87269570021186
2023-08-17,-0.00657820084510753,1.8266314417796452,182.6631441779645
2023-08-18,-0.0013106897408805178,1.8242372946885348,182.42372946885348
2023-08-21,0.004283723539631431,1.8320518229296654,183.20518229296653
2023-08-22,-0.003972594155560749,1.8247738245652105,182.47738245652104
2023-08-23,0.009824585539288068,1.842701471094505,184.2701471094505
2023-08-24,-0.010962471262813269,1.822500909171688,182.2500909171688
2023-08-25,0.002954429418068758,1.827885359472202,182.7885359472202
2023-08-28,0.006554343967136981,1.8398659488506766,183.98659488506766
2023-08-29,0.014935607708892153,1.867345464899659,186.7345464899659
2023-08-30,0.002113262298700578,1.871291655669281,187.1291655669281
2023-08-31,-0.0034158570933525527,1.8648995907935315,186.48995907935316
2023-09-01,0.004163421095865862,1.872663953091513,187.2663953091513
2023-09-05,-0.008362576199355841,1.8570036580879983,185.70036580879983
2023-09-06,-0.003981137886695574,1.8496106704690518,184.96106704690519
2023-09-07,0.00023739611974791453,1.8500497608652655,185.00497608652654
2023-09-08,0.0017032701115753212,1.8532008953278745,185.32008953278745
2023-09-11,0.005439354549289782,1.863281112048624,186.32811120486238
2023-09-12,-0.0030073268765393887,1.8576776166818119,185.76776166818118
2023-09-13,0.0009009281024134502,1.859351250651905,185.9351250651905
2023-09-14,0.010316443785074824,1.878533143305964,187.8533143305964
2023-09-15,-0.009442143246142494,1.8607957642742428,186.07957642742429
2023-09-18,0.0013627081916070853,1.8633314859051269,186.33314859051268
2023-09-19,-0.00037120925155184826,1.862639800018851,186.2639800018851
2023-09-20,-0.008188699779630501,1.8473872018989057,184.73872018989056
2023-09-21,-0.010315907897628958,1.8283297256728581,182.83297256728582
2023-09-22,-0.0021708908240863183,1.8243606214479908,182.43606214479908
2023-09-25,0.0053673955559921304,1.8341526865400777,183.41526865400778
2023-09-26,-0.01208364261903647,1.8119894409671817,181.19894409671818
2023-09-27,0.002303965545009765,1.8161642022070914,181.61642022070913
2023-09-28,0.007843189822298228,1.8304087227934642,183.04087227934642
2023-09-29,-0.0076187347834423885,1.8164633241892012,181.6463324189201
2023-10-02,-0.00267597643747807,1.8116025111341278,181.16025111341278
2023-10-03,-0.01229813743492559,1.789323174474744,178.9323174474744
2023-10-04,0.002000831875757757,1.7929033093182654,179.29033093182653
2023-10-05,0.0003192843714241631,1.7934757553244054,179.34757553244054
2023-10-06,0.007680411275356592,1.8072503867376777,180.72503867376776
2023-10-09,0.006474665313771964,1.818951728129989,181.8951728129989
2023-10-10,0.0072712010499508765,1.8321776918453778,183.2177691845378
2023-10-11,0.0020218070561224405,1.8358820016308208,183.5882001630821
2023-10-12,-0.010318458486320521,1.8169385294112101,181.693852941121
2023-10-13,-0.0038651382558491532,1.8099158107926567,180.99158107926567
2023-10-16,0.010387449845716008,1.8287162205022338,182.87162205022338
2023-10-17,0.003920694377263787,1.835886057905568,183.5886057905568
2023-10-18,-0.013909185276198999,1.810350378580169,181.0350378580169
2023-10-19,-0.008478786381612103,1.7950008044443169,179.5000804444317
2023-10-20,-0.008216066320995747,1.7802529587887617,178.02529587887616
2023-10-23,-0.004708951351678372,1.771869834212144,177.1869834212144
2023-10-24,0.008750311960906226,1.7873742480156194,178.73742480156193
2023-10-25,-0.010784172978761913,1.7680988949472345,176.80988949472345
2023-10-26,-0.006827780414291715,1.756026703941783,175.6026703941783
2023-10-27,-0.011192613792279258,1.7363721752356336,173.63721752356335
2023-10-30,0.012692068067683531,1.758410329074556,175.8410329074556
2023-10-31,0.007892685953417291,1.7722889095791865,177.22889095791865
2023-11-01,0.006630925549752883,1.784040825391259,178.4040825391259
2023-11-02,0.013174207525911027,1.807544149459661,180.7544149459661
2023-11-03,0.01105255685529626,1.8275221339400218,182.75221339400218
2023-11-06,-0.005159104583591436,1.818093756122197,181.8093756122197
2023-11-07,-0.0023962266555610174,1.813737191401468,181.3737191401468
2023-11-08,-0.004328851563948983,1.8058857923238771,180.5885792323877
2023-11-09,-0.007531731130343425,1.7922843460839863,179.22843460839863
2023-11-10,0.011377926521051254,1.8126768256785601,181.267682567856
2023-11-13,-0.0015051706735202826,1.8099484376799788,180.99484376799788
2023-11-14,0.01778348934803695,1.8421356364419568,184.2135636441957
2023-11-15,0.005365606527805178,1.8520198114379522,185.20198114379522
2023-11-16,-0.0050557232946875155,1.8426565117350426,184.26565117350427
2023-11-17,0.0033633808016189596,1.8488540672705904,184.88540672705903
2023-11-20,0.004845312228964073,1.8578123424923065,185.78123424923066
2023-11-21,-0.0023028562304139213,1.8535340677644583,185.35340677644584
2023-11-22,0.005832515058271771,1.8643448331257144,186.43448331257144
2023-11-24,0.0022814170755609117,1.8685981812627412,186.85981812627412
2023-11-27,-0.004505748024493921,1.8601787486989438,186.01787486989437
2023-11-28,-0.0012404296343411635,1.857871327853886,185.78713278538862
2023-11-29,-0.0029441286571442074,1.852401515636265,185.2401515636265
2023-11-30,0.009130804571212897,1.8693154318629581,186.9315431862958
2023-12-01,0.006917082484635643,1.8822456408949564,188.22456408949563
2023-12-04,-0.0009085152541363778,1.8805355920181717,188.05355920181717
2023-12-05,-0.004654632024908771,1.871782390827583,187.1782390827583
2023-12-06,-0.0022669038436140534,1.8675392401314068,186.75392401314068
2023-12-07,0.00711771635325125,1.8808318547212284,188.08318547212284
2023-12-08,0.004652662889068161,1.889582731292267,188.9582731292267
2023-12-11,0.004642695077750212,1.8983554877378397,189.83554877378396
2023-12-12,0.003532425138945321,1.9050612863853795,190.50612863853794
2023-12-13,0.010890813762746648,1.9258089540620211,192.5808954062021
2023-12-14,0.005682473147685207,1.9367523117310503,193.67523117310503
2023-12-15,-0.005711503489789179,1.925690544143741,192.5690544143741
2023-12-18,0.0040856954560081,1.9335583292496268,193.35583292496267
2023-12-19,0.00882747863513485,1.9506267740908647,195.06267740908646
2023-12-20,-0.014727780620412599,1.9218983708897515,192.18983708897514
2023-12-21,0.009688870451642928,1.9405193952265258,194.0519395226526
2023-12-22,0.003839341617771607,1.947969712100712,194.7969712100712
2023-12-26,0.002931403131867147,1.9536799966155465,195.36799966155465
2023-12-27,0.0016879752645269966,1.9569777601246345,195.69777601246346
2023-12-28,0.0011050076475882082,1.9591402355157324,195.91402355157322
2023-12-29,-0.003923143176975947,1.9514542478680297,195.14542478680298
2024-01-02,0.00743287663284143,1.9659591665470673,196.5959166547067
2024-01-03,-0.00432110789795134,1.9574640448654508,195.7464044865451
2024-01-04,-0.0021781328206079958,1.9532004281841693,195.32004281841694
2024-01-05,0.0045019580681334315,1.9619936546105146,196.19936546105146
2024-01-08,0.007992536158172449,1.9776749598370942,197.7674959837094
2024-01-09,-0.006115198622214528,1.9655810846475101,196.558108464751
2024-01-10,0.0033723116832525698,1.972209636703647,197.2209636703647
2024-01-11,-0.005806558975432613,1.9607578851362109,196.0757885136211
2024-01-12,-0.004069920974150456,1.952777755494264,195.2777755494264
2024-01-16,-0.0059321222789220735,1.9411936390651132,194.11936390651132
2024-01-17,-0.0046704606241848995,1.9321273706099416,193.21273706099416
2024-01-18,0.003921013222639614,1.9397032675779273,193.97032675779272
2024-01-19,0.006373647235611752,1.9520662519472325,195.20662519472324
2024-01-22,0.005898749334694824,1.9635810014521866,196.35810014521866
2024-01-23,0.006106186766586303,1.9755709937783743,197.55709937783743
2024-01-24,-0.0025356758144375545,1.970561586189746,197.05615861897462
2024-01-25,0.008337213794000074,1.986990579428054,198.6990579428054
2024-01-26,0.004062339373061522,1.9950624094927667,199.50624094927667
2024-01-29,0.00312667371661149,2.0013003186915275,200.13003186915276
2024-01-30,0.004557121935098225,2.0104204882725556,201.04204882725557
2024-01-31,-0.009389374157503023,1.9915438980942546,199.15438980942545
2024-02-01,0.008897410938957054,2.0092634825585716,200.92634825585716
2024-02-02,0.017844571465017244,2.0451179283651375,204.51179283651376
2024-02-05,-0.011617825005837544,2.0213581061570904,202.13581061570903
2024-02-06,0.005566951105021494,2.032610907899806,203.2610907899806
2024-02-07,0.007145842563890833,2.0471356254413053,204.71356254413053
2024-02-08,0.00040183388863465234,2.047958233910239,204.7958233910239
2024-02-09,0.0029761343832450547,2.054053232825629,205.4053232825629
2024-02-12,0.0054233978990824066,2.065193180813139,206.51931808131388
2024-02-13,-0.014089136759154065,2.03609639165459,203.60963916545901
2024-02-14,0.010456847124507725,2.057387540352884,205.7387540352884
2024-02-15,0.011290674339902891,2.080616833061982,208.0616833061982
2024-02-16,-0.00396585111865056,2.0723654164671,207.23654164670998
2024-02-20,-0.0030375098760600117,2.066070586047776,206.6070586047776
2024-02-21,0.002500030690409729,2.0712358259214483,207.12358259214483
2024-02-22,0.011138198719149991,2.0943056621447838,209.43056621447838
2024-02-23,0.003716561329096006,2.1020892775800175,210.20892775800175
2024-02-26,-0.005091334579316594,2.091386837752264,209.1386837752264
2024-02-27,0.002228378383706705,2.0960472389734797,209.60472389734798
2024-02-28,-0.0034559977194999697,2.088803304495623,208.88033044956228
2024-02-29,0.0016136175403900803,2.0921738341461817,209.21738341461818
2024-03-01,0.00514379910554647,2.102935556042911,210.29355560429107
2024-03-04,-0.00273455411113218,2.0971849649726875,209.71849649726875
2024-03-05,-0.004976698120427379,2.0867479084993192,208.67479084993192
2024-03-06,0.007986534670453321,2.103413793019045,210.34137930190448
2024-03-07,0.006053562376919033,2.116146939619558,211.61469396195577
2024-03-08,-0.0007963635035976111,2.114461717428595,211.44617174285952
2024-03-11,-0.000829201195827823,2.112708403243971,211.2708403243971
2024-03-12,0.003299135247463025,2.1196785140047245,211.96785140047245
2024-03-13,0.001315520740766392,2.1224669950536548,212.24669950536548
2024-03-14,-0.00674923363107019,2.108141969429802,210.8141969429802
2024-03-15,-0.001587814269683555,2.1047946315282227,210.47946315282226
2024-03-18,0.004080605218813808,2.1133834674861682,211.33834674861683
2024-03-19,0.0052372192625886015,2.124451720091323,212.4451720091323
2024-03-20,0.010283496453056123,2.146298511819571,214.6298511819571
2024-03-21,0.0029880783422458106,2.1527118199187334,215.27118199187333
2024-03-22,-0.003431479534585144,2.145324833364823,214.5324833364823
2024-03-25,-0.0009129468846438928,2.1433662657416535,214.33662657416534
2024-03-26,-0.0004619104014254322,2.142376222569443,214.2376222569443
2024-03-27,0.011072529842828548,2.166097747228409,216.6097747228409
2024-03-28,0.0036119696634058845,2.1739216265793697,217.39216265793698
2024-04-01,-0.004449141777513542,2.1642495410495153,216.42495410495152
2024-04-02,-0.013613362972704905,2.1347868264836984,213.47868264836984
2024-04-03,0.004004277061463428,2.1433351044041014,214.33351044041012
2024-04-04,-0.011153194604146807,2.119430070882783,211.9430070882783
2024-04-05,0.004339257452786323,2.1286268236135206,212.86268236135206
2024-04-08,-0.0019918633105297763,2.1243868899417553,212.43868899417552
2024-04-09,-0.0002655106859793518,2.1238228425213213,212.38228425213214
2024-04-10,-0.015281751205731244,2.0913671102368614,209.13671102368613
2024-04-11,-0.0022297162163573965,2.0867039550768096,208.67039550768095
2024-04-12,-0.014324167119915146,2.0568136588945016,205.68136588945015
2024-04-15,-0.0044261696018219505,2.0477098528008906,204.77098528008906
2024-04-16,-0.0024741718349421005,2.042643466756957,204.26434667569572
2024-04-17,0.0006616316768465508,2.0439949443790675,204.39949443790675
2024-04-18,0.004513538822975502,2.0532205949144884,205.32205949144884
2024-04-19,0.00895521063274645,2.0716076178174405,207.16076178174404
2024-04-22,0.0019555411919558816,2.075658731847652,207.5658731847652
2024-04-23,0.004613495141191417,2.0852347733218024,208.52347733218025
2024-04-24,-0.001742555408884528,2.0816011361887563,208.16011361887564
2024-04-25,-0.007017273827193568,2.066993971017123,206.6993971017123
2024-04-26,8.677986195792815e-05,2.0671733444685954,206.71733444685952
2024-04-29,0.004050306181504229,2.075546029443937,207.5546029443937
2024-04-30,-0.014910231079486531,2.0445991585288175,204.45991585288175
2024-05-01,-0.004356498867498627,2.035691864610198,203.5691864610198
2024-05-02,0.005906790750889153,2.047716270487738,204.77162704877378
2024-05-03,0.0031934874059634175,2.054255626608527,205.42556266085268
2024-05-06,0.007794183588578852,2.0702668721001847,207.02668721001848
2024-05-07,0.0029478916718443885,2.0763697945709443,207.63697945709444
2024-05-08,0.0023380610893817275,2.0812244739947983,208.12244739947982
2024-05-09,0.006978936542630047,2.0957492075297766,209.57492075297765
2024-05-10,0.0039942372597509225,2.1041201271015857,210.41201271015856
2024-05-13,0.002222761220171536,2.1087970837226893,210.87970837226894
2024-05-14,0.0014258632964413778,2.111803940084012,211.1803940084012
2024-05-15,0.004576132716130441,2.1214678351842835,212.14678351842835
2024-05-16,-0.0021595243779917407,2.1168864736770776,211.68864736770777
2024-05-17,0.002373004520303787,2.1219098548480835,212.19098548480835
2024-05-20,-0.0033862555265574343,2.1147245258752476,211.47245258752477
2024-05-21,-0.001256262487583468,2.112067876781818,211.2067876781818
2024-05-22,-0.0015860613489577183,2.1087180075560794,210.87180075560795
2024-05-23,-0.012454109512757838,2.0824558025584516,208.24558025584517
2024-05-24,0.002044978780866559,2.086714380486776,208.6714380486776
2024-05-28,-0.0069007518482368515,2.0723144823688897,207.23144823688898
2024-05-29,-0.009177074039800625,2.0532966989304393,205.32966989304393
2024-05-30,0.012039442157713132,2.078017245769836,207.80172457698362
2024-05-31,0.0181172393407694,2.1156651815656944,211.56651815656943
2024-06-03,-0.004252659681143878,2.1066679775492503,210.66679775492503
2024-06-04,-0.006140015254081496,2.093733004031813,209.3733004031813
2024-06-05,0.002379327976606423,2.09871468154385,209.871468154385
2024-06-06,-0.0008080675466431548,2.097018778320031,209.7018778320031
2024-06-07,-0.002429060799123804,2.091924992210587,209.1924992210587
2024-06-10,0.0007933684650075839,2.0935846595305683,209.35846595305682
2024-06-11,-0.004348745039535693,2.084480193627587,208.44801936275869
2024-06-12,-0.0006987384601066962,2.0830236871469685,208.30236871469685
2024-06-13,-0.0035313520235335863,2.075667797234294,207.5667797234294
2024-06-14,-0.00650842175158429,2.0621584757937113,206.21584757937111
2024-06-17,0.0031101765544954115,2.068572152736779,206.8572152736779
2024-06-18,0.0011377834920558176,2.0709257399842893,207.09257399842892
2024-06-20,0.0046756276207389315,2.080608617574659,208.06086175746591
2024-06-21,0.003119798791236575,2.087099697824805,208.7099697824805
2024-06-24,0.008338930435172311,2.1045038770162354,210.45038770162355
2024-06-25,-0.006866850285458009,2.090052563967599,209.00525639675988
2024-06-26,-0.0008030180653430924,2.0883742140012163,208.83742140012163
2024-06-27,-0.002037805084815587,2.0841185144089267,208.41185144089266
2024-06-28,0.006229241673018034,2.0971009923103914,209.71009923103912
2024-07-01,-0.007217332781419467,2.0819655165726423,208.19655165726422
2024-07-02,0.0008140515149602731,2.0836603437555032,208.36603437555033
2024-07-03,-0.002480641803376625,2.0784915288027452,207.84915288027452
2024-07-05,-0.0019359524594577695,2.0744676680155973,207.44676680155973
2024-07-08,0.0007428921338492252,2.076008773728091,207.60087737280907
2024-07-09,-0.0008340567541858389,2.074277264588614,207.4277264588614
2024-07-10,0.007591951663860895,2.0900250773188165,209.00250773188165
2024-07-11,0.012653113759479447,2.1164704023822964,211.64704023822964
2024-07-12,0.009094022606459341,2.135717632067463,213.57176320674628
2024-07-15,0.006458213401531655,2.1495105523007685,214.95105523007686
2024-07-16,0.02215401569965562,2.197130842823015,219.7130842823015
2024-07-17,0.006841612275176936,2.2121627601674425,221.21627601674425
2024-07-18,-0.009962432727976034,2.1901242374859407,219.01242374859407
2024-07-19,-0.008462046329958174,2.1715913047199704,217.15913047199703
2024-07-22,-0.0013439826778284451,2.168672723623104,216.86727236231042
2024-07-23,-0.0053131220385344655,2.1571503007808532,215.71503007808533
2024-07-24,-0.0011959358364593714,2.15457048743152,215.457048743152
2024-07-25,0.00555251424078596,2.166533770745761,216.65337707457607
2024-07-26,0.015474432644666468,2.2000596516535613,220.00596516535614
2024-07-29,0.00015546746720176367,2.2004016893552967,220.04016893552966
2024-07-30,0.005414940937578706,2.212316734542104,221.2316734542104
2024-07-31,0.0023509891608468124,2.217517867205373,221.75178672053727
2024-08-01,-0.014137057753294671,2.1861686890477277,218.61686890477276
2024-08-02,-0.014105772185943987,2.1553310915599764,215.53310915599764
2024-08-05,-0.029277179021859133,2.092229077340996,209.2229077340996
2024-08-06,0.009303497555211798,2.1116941254469808,211.16941254469808
2024-08-07,-0.003495569972376681,2.104312550871224,210.4312550871224
2024-08-08,0.01510175338090707,2.1360913600508287,213.60913600508286
2024-08-09,-0.00027201153263614695,2.1355103185661304,213.55103185661304
2024-08-12,-0.0050320285266548205,2.1247643697241396,212.47643697241395
2024-08-13,0.011031864613505403,2.1482044825865367,214.82044825865367
2024-08-14,0.002808529994394346,2.154237779309973,215.42377793099732
2024-08-15,0.01057423143469418,2.1770171881537586,217.70171881537584
2024-08-16,0.004249368579388709,2.1862681365898884,218.62681365898885
2024-08-19,0.007473660133879699,2.2026075616042915,220.26075616042914
2024-08-20,-0.0031187861033197483,2.195738099750093,219.5738099750093
2024-08-21,0.0037393124864007615,2.2039486506433543,220.39486506433542
2024-08-22,-0.0015086575493184807,2.2006236468732507,220.06236468732507
2024-08-23,0.01431897397120403,2.2321343195932446,223.21343195932445
2024-08-26,0.002138105046266196,2.2369068572459105,223.69068572459105
2024-08-27,0.0019282286273069244,2.2412201250846713,224.12201250846712
2024-08-28,0.00021502967078744668,2.2417020539103305,224.17020539103305
2024-08-29,0.005024341558746067,2.2529651307021186,225.29651307021186
2024-08-30,0.008493864100537811,2.272101510345553,227.2101510345553
2024-09-03,-0.005393262489614279,2.2598474704972107,225.98474704972108
2024-09-04,-0.0027389430696120446,2.253657876929512,225.36578769295122
2024-09-05,-0.012989478525734809,2.224384036332783,222.4384036332783
2024-09-06,-0.01005939831892317,2.2020080712970573,220.20080712970574
2024-09-09,0.005040747466154219,2.213107837902899,221.3107837902899
2024-09-10,-0.0003852207157001153,2.2122553029176606,221.22553029176606
2024-09-11,-0.0025530085730486613,2.2066073961635393,220.66073961635394
2024-09-12,0.005562913003079932,2.2188825611403495,221.88825611403496
2024-09-13,0.008178205825267529,2.237029039427452,223.70290394274522
2024-09-16,0.008290803679774826,2.2555758080193007,225.55758080193007
2024-09-17,0.0002483330421214473,2.2561359420214417,225.61359420214418
2024-09-18,0.0005979109554921666,2.2574849104182557,225.74849104182556
2024-09-19,0.006508021022675409,2.27217666967363,227.217666967363
2024-09-20,-0.0043011393150939724,2.262403721268857,226.2403721268857
2024-09-23,0.0026494662635460054,2.2683978836028795,226.83978836028794
2024-09-24,0.002973512078289277,2.2751429921081385,227.51429921081385
2024-09-25,-0.005971461115842863,2.2615570641977825,226.15570641977826
2024-09-26,0.0071934891893686015,2.2778255504902294,227.78255504902293
2024-09-27,0.008010585389974472,2.296072266565897,229.60722665658972
2024-09-30,0.003190199113383696,2.30339719427496,230.339719427496
2024-10-01,-0.0067341710294573955,2.28788572361994,228.788572361994
2024-10-02,-0.0026967493628137634,2.2817158692525776,228.17158692525777
2024-10-03,-0.0054241294675406015,2.2693395469696096,226.93395469696097
2024-10-04,0.011320232924313025,2.2950289992256603,229.50289992256603
2024-10-07,-0.008922978631268324,2.2745505045074284,227.45505045074285
2024-10-08,0.0015241370921365476,2.278017231299286,227.8017231299286
2024-10-09,0.007170244105116089,2.2943511709233624,229.43511709233624
2024-10-10,-0.005020330752917223,2.2828327691819843,228.28327691819842
2024-10-11,0.009417856062768128,2.304332159617511,230.43321596175107
2024-10-14,0.004894876638967433,2.3156115812740437,231.56115812740435
2024-10-15,-0.00013822250648795316,2.3152915116372275,231.52915116372276
2024-10-16,0.009470933339746858,2.3372194832060256,233.72194832060256
2024-10-17,-0.0006323646943888113,2.3357415081218087,233.57415081218087
2024-10-18,-7.166883842264478e-05,2.335574108241066,233.55741082410663
2024-10-21,-0.011228769442046059,2.309348485064815,230.9348485064815
2024-10-22,-0.003411201318536174,2.301470832467602,230.14708324676022
2024-10-23,-0.0019152333130051933,2.2970629788603505,229.70629788603506
2024-10-24,-0.0007488012139596223,2.295342935313238,229.5342935313238
2024-10-25,-0.005787270379839381,2.2820591651321265,228.20591651321266
2024-10-28,0.008294579890054322,2.3009878871911456,230.09878871911457
2024-10-29,-0.005082725979564717,2.2892925962782553,228.92925962782553
2024-10-30,-0.0018689068370077433,2.28501412169316,228.50141216931598
2024-10-31,-0.003927343912387229,2.2760400853926095,227.60400853926095
2024-11-01,0.00428031398223965,2.285782251594253,228.57822515942533
2024-11-04,-0.007134242892987927,2.269474925810899,226.94749258108988
2024-11-05,0.010270186005833445,2.2927828554345515,229.27828554345515
2024-11-06,0.037465888095576896,2.3786840013237196,237.86840013237196
2024-11-07,-0.005283237895297634,2.366116847866988,236.61168478669882
2024-11-08,0.0011758342680638627,2.3688990091389535,236.88990091389536
2024-11-11,0.009652418130813734,2.391764612884833,239.1764612884833
2024-11-12,-0.009487525603074058,2.3690726848835615,236.90726848835615
2024-11-13,0.001399767209264642,2.372388835144226,237.2388835144226
2024-11-14,-0.00508374110291287,2.360328224510912,236.0328224510912
2024-11-15,-0.003734940325946041,2.3515125394427177,235.15125394427176
2024-11-18,0.005371784572073228,2.364144358223133,236.4144358223133
2024-11-19,-0.005674631522412903,2.350728710124425,235.07287101244253
2024-11-20,-0.0018775007374183228,2.3463152152376963,234.63152152376963
2024-11-21,0.011629831040935868,2.373602464759688,237.3602464759688
2024-11-22,0.010301815295151106,2.3980548789357576,239.80548789357576
2024-11-25,0.008600592233483556,2.4186795711029996,241.86795711029995
2024-11-26,-0.005628236747417465,2.4050666698606897,240.50666698606898
2024-11-27,0.0011983221844413107,2.407948714606244,240.79487146062442
2024-11-29,0.0027586446588045476,2.414591389466468,241.45913894664682
2024-12-02,-0.002779066457031012,2.407881079528566,240.78810795285662
2024-12-03,-0.008536018145772959,2.3873273629408467,238.73273629408467
2024-12-04,-0.0030632271765330685,2.380014436883405,238.00144368834052
2024-12-05,-0.003831247656731188,2.3708960121491094,237.08960121491094
2024-12-06,-0.0007551929281460362,2.3691055282473648,236.91055282473647
2024-12-09,-0.009867639636270372,2.345728048634324,234.5728048634324
2024-12-10,-0.004606877920973114,2.3349215658784632,233.49215658784632
2024-12-11,-0.001958687399126828,2.3303481844294276,233.03481844294276
2024-12-12,-0.005266886948820109,2.3180745039906494,231.80745039906495
2024-12-13,-0.00298883735506845,2.31114615632129,231.11461563212902
2024-12-16,-0.009800003603283302,2.2884969156616273,228.84969156616273
2024-12-17,-0.004294714234181534,2.278668475383055,227.86684753830548
2024-12-18,-0.022732947047638945,2.2268676255930475,222.68676255930475
2024-12-19,-0.00024239926723694798,2.2263278345123703,222.63278345123703
2024-12-20,0.010011738328525508,2.2486172462250207,224.86172462250207
2024-12-23,0.0037765053078549155,2.2571091611907237,225.71091611907238
2024-12-24,0.006980182313153027,2.2728641946365227,227.28641946365227
2024-12-26,0.002758518464234077,2.279133932484124,227.9133932484124
2024-12-27,-0.0066000396299634185,2.2640915582077343,226.40915582077344
2024-12-30,-0.010433437890451517,2.2404692995568785,224.04692995568786
2024-12-31,0.0034485898508327425,2.2481957592444326,224.81957592444326
2025-01-02,-0.0032466056554055467,2.240896754178011,224.0896754178011
2025-01-03,0.007384036366883763,2.2574436173052934,225.74436173052933
2025-01-06,0.0011891638832323634,2.260128087723426,226.01280877234262
2025-01-07,0.0001699223062562674,2.260512133900527,226.0512133900527
2025-01-08,-0.002711233896482783,2.254383356779685,225.43833567796852
2025-01-10,-0.01242555614179125,2.2263713898148993,222.63713898148993
2025-01-13,0.005107288504620914,2.2377421108211175,223.77421108211175
2025-01-14,0.009936128741105537,2.2599766045236294,225.99766045236294
2025-01-15,0.010534059420612299,2.283783332364875,228.3783332364875
2025-01-16,0.005479271942677066,2.2962968023010553,229.62968023010552
2025-01-17,0.006986751524308646,2.3123404574847974,231.23404574847973
2025-01-21,0.010258086507329036,2.336060645932073,233.6060645932073
2025-01-22,-0.007639901260366393,2.3182133732589243,231.82133732589244
2025-01-23,0.004981041577238231,2.3297604904560365,232.97604904560365
2025-01-24,0.001617405130570762,2.333528657026301,233.3528657026301
2025-01-27,0.012855462331050085,2.3635272467751287,236.35272467751287
2025-01-28,-0.007434483873664488,2.345955641574012,234.5955641574012
2025-01-29,3.123723167861481e-06,2.3459629696900004,234.59629696900004
2025-01-30,-0.00216278241716607,2.3408891622278323,234.08891622278324
2025-01-31,-0.00879511630444978,2.3203007697902125,232.03007697902126
2025-02-03,-0.007529948464644045,2.3028290245712184,230.28290245712185
2025-02-04,0.004766816310527272,2.3138061875259,231.38061875259
2025-02-05,0.007885608598131155,2.3320519574926633,233.20519574926632
2025-02-06,-0.004466387887795475,2.321636108876008,232.1636108876008
2025-02-07,-0.007461426642640796,2.3043133913587237,230.43133913587238
2025-02-10,0.002573471541714204,2.3102434762945765,231.02434762945765
2025-02-11,0.004297855415603836,2.320172568730533,232.01725687305327
2025-02-12,-0.0006351008136424201,2.3186990252443413,231.86990252443414
2025-02-13,0.013097242868727016,2.349067589517447,234.9067589517447
2025-02-14,-8.322041681442245e-05,2.3488720991335224,234.88720991335222
2025-02-18,0.009138693809908985,2.3703377220461417,237.03377220461417
2025-02-19,0.0027082072850731003,2.3767570879330706,237.67570879330705
2025-02-20,-0.002694311804686503,2.3703533632541802,237.03533632541803
2025-02-21,-0.01436493005880905,2.3363034029763714,233.63034029763713
2025-02-24,0.01218723211232388,2.3647764748332567,236.47764748332568
2025-02-25,0.001510539691689621,2.3683485635604664,236.83485635604663
2025-02-26,-0.007129867459171232,2.3514625522051618,235.14625522051617
2025-02-27,-0.0015830415781021212,2.347740089215671,234.7740089215671
2025-02-28,0.013122666615131586,2.3785486997054273,237.85486997054272
2025-03-03,-0.011016316856280274,2.352345853571379,235.23458535713792
2025-03-04,-0.022909837941385625,2.298453991283968,229.84539912839682
2025-03-05,0.009160979509909644,2.3195100812025906,231.95100812025908
2025-03-06,-0.0021970649250290324,2.314413966959929,231.44139669599292
2025-03-07,0.007769678993023922,2.3323962205401787,233.23962205401787
2025-03-10,-0.008235943732641911,2.313186736505583,231.3186736505583
2025-03-11,-0.01488045220561731,2.278765471830344,227.8765471830344
2025-03-12,-0.007161969284673778,2.26244502351412,226.244502351412
2025-03-13,0.0017691780250329047,2.266447691532566,226.64476915325662
2025-03-14,0.01762711284865781,2.3063986207567906,230.63986207567905
2025-03-17,0.013197685789868501,2.336837745059725,233.6837745059725
2025-03-18,-0.0011608251783550459,2.3341250849675292,233.41250849675293
2025-03-19,0.005479529303617553,2.3469149917689176,234.69149917689177
2025-03-20,-0.00033725532708178327,2.3461234821857357,234.61234821857357
2025-03-21,-0.0060288028752146375,2.3319791661907256,233.19791661907257
2025-03-24,0.012071043844054214,2.3601285889492347,236.01285889492348
2025-03-25,-0.001606965149872101,2.3563359445575762,235.63359445575762
2025-03-26,0.0030916294076553984,2.3636208620580863,236.36208620580862
2025-03-27,0.0002564984293274166,2.3642271270967297,236.42271270967296
2025-03-28,-0.01496807103305006,2.328839207520082,232.88392075200818
2025-03-31,0.006349531136492493,2.3436262445801153,234.36262445801154
2025-04-01,1.7094419436710674e-05,2.343666307510143,234.3666307510143
2025-04-02,0.009574041937978122,2.3661046670268715,236.61046670268715
2025-04-03,-0.027027765006128315,2.3021541461065658,230.21541461065658
2025-04-04,-0.055134765360923293,2.1752254174363035,217.52254174363034
2025-04-07,-0.007722635374509319,2.158426944680078,215.8426944680078
2025-04-08,-0.004049185643498982,2.1496870732831383,214.96870732831383
2025-04-09,0.0625183046986494,2.2840818647374017,228.40818647374016
2025-04-10,-0.01994806073025799,2.2385188609867392,223.85188609867393
2025-04-11,0.014307164283531439,2.2705457180826603,227.05457180826602
2025-04-14,0.0073334219324716855,2.2871965878503273,228.71965878503272
2025-04-15,-0.0031109681344576256,2.280081192148285,228.0081192148285
2025-04-16,-0.01304569586371545,2.250335946370941,225.0335946370941
2025-04-17,-0.00944557199974106,2.229080236165889,222.90802361658888
2025-04-21,-0.0245054210592312,2.1744556864038334,217.44556864038333
2025-04-22,0.023684201749426648,2.22595593357581,222.59559335758098
2025-04-23,0.009836488851435028,2.247851524300214,224.7851524300214
2025-04-24,0.010358133788966087,2.271135071126647,227.1135071126647
2025-04-25,-0.003078490223425633,2.264143404014104,226.4143404014104
2025-04-28,0.002620950516437988,2.2700776118381447,227.00776118381447
2025-04-29,0.004626592492854747,2.280580335875273,228.0580335875273
2025-04-30,0.0008795893850964206,2.2825863101305686,228.25863101305686
2025-05-01,-0.00304364554188237,2.275638926483778,227.5638926483778
2025-05-02,0.014842455982688064,2.309414997082605,230.94149970826047
2025-05-05,-0.018926053207296713,2.2657068859700904,226.57068859700905
2025-05-06,-0.0022076993901146693,2.2607048862597554,226.07048862597554
2025-05-07,0.008508283998266595,2.2799396054683223,227.99396054683223
2025-05-08,-0.0012608944061446759,2.2770648423734396,227.70648423734397
2025-05-09,-0.0008441297011434559,2.275142704308563,227.51427043085627
2025-05-12,0.013272599181577362,2.3053397615037405,230.53397615037406
2025-05-13,-0.011965084793578998,2.2777561757793388,227.77561757793387
2025-05-14,-0.009847977458918206,2.255324884303352,225.5324884303352
2025-05-15,0.00667382354798427,2.2703765246245706,227.03765246245706
2025-05-16,0.01562822595483159,2.3058584819539485,230.58584819539485
2025-05-19,0.000394519510907024,2.3067681881144697,230.67681881144696
2025-05-20,-0.0013477243080251599,2.3036593005543686,230.36593005543688
2025-05-21,-0.01731860005069058,2.263763146475014,226.37631464750137
2025-05-22,-0.00794835690943629,2.2457699490284018,224.57699490284017
2025-05-23,-0.0022532464505741184,2.2407096758619476,224.07096758619477
2025-05-27,0.013502140835218944,2.2709640534762734,227.09640534762735
2025-05-28,-0.010275130657667577,2.2476296011079384,224.76296011079384
2025-05-29,0.0035657068641836427,2.2556439894047515,225.56439894047514
2025-05-30,-8.757473025249919e-05,2.2554464519908337,225.54464519908336
2025-06-02,-0.0033164202699634054,2.2479664436596343,224.79664436596343
2025-06-03,0.002614313485002585,2.253843332647127,225.3843332647127
2025-06-04,-0.009065269856039004,2.2334116346234465,223.34116346234464
2025-06-05,-0.0030756304012292445,2.2265424859015392,222.6542485901539
2025-06-06,0.011353479137955973,2.251821489564995,225.18214895649947
2025-06-09,0.0007051323833704459,2.2534093218188564,225.34093218188565
2025-06-10,0.003939227506939324,2.262286013803759,226.2286013803759
2025-06-11,-0.0035336891575951795,2.2542917982454016,225.42917982454017
2025-06-12,0.004740312626238023,2.264977846119849,226.49778461198488
2025-06-13,-0.00825041598420442,2.246290836694353,224.62908366943532
2025-06-16,0.005531516637915063,2.258716231831124,225.87162318311238
2025-06-17,-0.00891912432096647,2.238570460953637,223.85704609536373
2025-06-18,0.0017534439546103466,2.2424956687953657,224.24956687953656
2025-06-20,-0.0017573520150716967,2.2385548145130185,223.85548145130184
2025-06-23,0.004705683378908591,2.249088744696448,224.90887446964481
2025-06-24,0.011348297810505278,2.2746120735735187,227.46120735735187
2025-06-25,-0.010573045173185218,2.2505624973681533,225.05624973681532
2025-06-26,0.007207437667509725,2.2667832862847694,226.67832862847695
2025-06-27,0.003982556108354669,2.275810877907879,227.5810877907879
2025-06-30,0.0039035176815530883,2.2846945459096637,228.46945459096636
2025-07-01,0.014314926786296502,2.3173997810634117,231.73997810634117
2025-07-02,-0.015027958262969215,2.2825739938749767,228.25739938749768
2025-07-03,0.00658916051911249,2.2976142403173703,229.76142403173702
2025-07-07,-0.010796556715196392,2.2728079178621408,227.28079178621408
2025-07-08,0.002441910590107061,2.2783579115860473,227.83579115860474
2025-07-09,0.0014591564021071194,2.2816823921190297,228.16823921190297
2025-07-10,0.002873188642802649,2.288238096054549,228.8238096054549
2025-07-11,-0.008431979479653798,2.268943719384055,226.89437193840553
2025-07-14,-0.0007820998786586142,2.2671691787764416,226.71691787764416
2025-07-15,-0.0148140777765707,2.2335831582294032,223.3583158229403
2025-07-16,0.0009296043593695481,2.235659506870308,223.5659506870308
2025-07-17,0.00028172775315303333,2.236289354199994,223.6289354199994
2025-07-18,-0.0032876988352752,2.2289371082948524,222.89371082948523
2025-07-21,0.001413402479089265,2.2320874935294506,223.20874935294506
2025-07-22,0.007666946116936003,2.249200788070628,224.9200788070628
2025-07-23,0.01336106342955582,2.2792525024658463,227.92525024658462
2025-07-24,-0.015227875371887476,2.244544329417234,224.45443294172338
2025-07-25,0.0059599559482935195,2.2579217147445525,225.79217147445524
2025-07-28,-0.0054749093165241645,2.2455597981125153,224.55597981125152
2025-07-29,-0.008848692122520497,2.2256895308163083,222.56895308163084
2025-07-30,-0.0012784092668577396,2.2228441886949644,222.28441886949645
2025-07-31,-0.011521245294311568,2.197234255545975,219.7234255545975
2025-08-01,-0.010384689476512032,2.174416660094975,217.4416660094975
2025-08-04,-0.0024371899402373127,2.169117193685107,216.91171936851072
2025-08-05,0.008737330456587481,2.188069487405399,218.80694874053992
2025-08-06,-0.001952971937215134,2.18379624909982,218.379624909982
2025-08-07,-0.004665844409939871,2.17360699557851,217.36069955785098
2025-08-08,0.009355752085738092,2.1939427237609683,219.39427237609684
2025-08-11,-0.001839618117187575,2.189906706978266,218.99067069782657
2025-08-12,0.016748890509179458,2.226585214638763,222.65852146387627
2025-08-13,0.01597633318161971,2.2621578818851,226.21578818850998
2025-08-14,-0.00017695518118060255,2.261757581327252,226.17575813272518
2025-08-15,0.003752028066358993,2.270243759251692,227.0243759251692
2025-08-18,0.0030518381989726173,2.2771721758771553,227.71721758771554
2025-08-19,0.008028112757136177,2.2954535708725103,229.54535708725103
2025-08-20,0.0005767905221931244,2.296777566736324,229.67775667363242
2025-08-21,-0.0011254251119549895,2.2941927155861443,229.41927155861444
2025-08-22,0.012949643253269714,2.323901692807235,232.39016928072348
2025-08-25,-0.006423937010784546,2.3089730947133855,230.89730947133856
2025-08-26,0.004302527618107418,2.318907515222857,231.8907515222857
2025-08-27,0.007733899889520624,2.336841713798648,233.68417137986478
2025-08-28,0.0013537429437562973,2.3400051967793782,234.00051967793783
2025-08-29,0.003673965325130476,2.348602294732971,234.8602294732971
2025-09-02,-0.0016383381918392695,2.3447544898960686,234.47544898960686
2025-09-03,-0.0008943980124135314,2.3426573461407076,234.26573461407077
2025-09-04,0.006466503458437672,2.357806147971461,235.7806147971461
2025-09-05,-0.0006146139711723279,2.3563570073716016,235.63570073716016
2025-09-08,-0.0071250092135768895,2.3395679419836024,233.95679419836023
2025-09-09,0.0022716550430282017,2.3448826332975163,234.48826332975165
2025-09-10,-0.0011866198016417377,2.3421001491323197,234.21001491323196
2025-09-11,0.014915723147007745,2.377034266539343,237.70342665393432
2025-09-12,-0.0076630817641017285,2.358818858598781,235.88188585987808
2025-09-15,-0.005843131074587208,2.34503597082678,234.503597082678
2025-09-16,-0.003753981421665005,2.33623274935916,233.623274935916
2025-09-17,0.002411424382100294,2.341866397973226,234.18663979732258
2025-09-18,0.001697410650401715,2.3458415069389638,234.5841506938964
2025-09-19,-0.0011659541181085553,2.343106363373518,234.3106363373518
2025-09-22,0.0024506040349673176,2.3488483892819585,234.88483892819585
2025-09-23,0.005836709310269357,2.3625579345440917,236.25579345440917
2025-09-24,0.002500342390289476,2.368465138297347,236.8465138297347
2025-09-25,-0.010891329730811177,2.3426694035202194,234.26694035202195
2025-09-26,0.011364411347068625,2.369292462272015,236.9292462272015
2025-09-29,0.00030586567342424264,2.370017147506527,237.0017147506527
2025-09-30,0.005808058342213228,2.3837823453712907,238.37823453712906
2025-10-01,0.003830091105033849,2.3929124489286338,239.29124489286338
2025-10-02,-0.0015152232306930528,2.3892866523970024,238.92866523970025
2025-10-03,0.00695349433935099,2.405900543609532,240.5900543609532
2025-10-06,-0.002604103222549607,2.3996353302507845,239.96353302507845
2025-10-07,-0.002868291060503957,2.392752477684557,239.2752477684557
2025-10-08,0.004274428022323797,2.4029801259256565,240.29801259256564
2025-10-09,-0.008589753915837214,2.3823391179793076,238.23391179793077
2025-10-10,-0.02547298926170158,2.3216538192092893,232.16538192092892
2025-10-13,0.010432441192695575,2.345874336147987,234.5874336147987
2025-10-14,0.009685538060163423,2.368595391315109,236.85953913151093
2025-10-15,0.0019646252320109398,2.3732487935853115,237.32487935853115
2025-10-16,-0.007118047690995298,2.356355895489974,235.6355895489974
2025-10-17,0.003856244462772939,2.3654425798642795,236.54425798642797
2025-10-20,0.009661764838683945,2.388296929810338,238.82969298103382
2025-10-21,0.003639057207247839,2.396988078965812,239.6988078965812
2025-10-22,-0.007252132299028756,2.379604804297957,237.96048042979572
2025-10-23,-0.0012820607569050584,2.376554006361424,237.6554006361424
2025-10-24,0.00657022179874478,2.3921684932999137,239.21684932999136
2025-10-27,0.0019978799669879603,2.396947758810337,239.6947758810337
2025-10-28,-0.0035654980376390085,2.3884014462799756,238.84014462799757
2025-10-29,-0.01142843190035667,2.3611057630004515,236.11057630004515
2025-10-30,-0.006249080493948683,2.3463510230327356,234.63510230327356
2025-10-31,0.0023387080951198856,2.351838453164295,235.18384531642948
2025-11-03,-0.004624454035734911,2.3409624843381627,234.09624843381627
2025-11-04,-0.002874219359070942,2.334234044646819,233.4234044646819
2025-11-05,0.012448514144230744,2.36329179016755,236.32917901675498
2025-11-06,-0.0027681387165763858,2.3567498706646197,235.67498706646197
2025-11-07,0.00993281525157529,2.380159031724105,238.0159031724105
2025-11-10,0.00040568999802479745,2.3811246384369835,238.11246384369835
2025-11-11,0.006616266235303352,2.396878792984323,239.6878792984323
2025-11-12,0.011043718227799617,2.4233492470002305,242.33492470002304
2025-11-13,-0.0016310066497573423,2.4193967482636887,241.93967482636887
2025-11-14,-0.007280302185768642,2.4017828088290627,240.17828088290628
2025-11-17,-0.012750232349338822,2.3711595199638444,237.11595199638444
2025-11-18,0.0007170947299433969,2.3728598659594655,237.28598659594655
2025-11-19,-0.00794505292493289,2.3540073687409686,235.40073687409685
2025-11-20,-0.010168710900725719,2.330070148350064,233.00701483500637
2025-11-21,0.021574680998497082,2.3803406685048376,238.03406685048375
2025-11-24,0.006757422412928986,2.3964256358885985,239.64256358885984
2025-11-25,0.01449449171459558,2.43116060741263,243.11606074126303
2025-11-26,0.007172511738246387,2.4485981354068596,244.85981354068596
2025-11-28,0.004931668903642309,2.4606738106887622,246.06738106887622
2025-12-01,-0.006801891409215633,2.4439365746349564,244.39365746349563
2025-12-02,-0.0009619907591133676,2.441585530234298,244.15855302342982
2025-12-03,0.006980456531330919,2.4586289118956253,245.86289118956253
2025-12-04,-0.0016077328238561614,2.4546760934922887,245.46760934922887
2025-12-05,0.0032823337376225725,2.462733159648894,246.2733159648894
2025-12-08,-0.007546272575296942,2.4441487039459613,244.41487039459614
2025-12-09,-0.0029203113658963116,2.437011028705887,243.7011028705887
2025-12-10,0.013135345288418561,2.469022010039623,246.90220100396232
2025-12-11,0.008498769539349632,2.490005659090532,249.0005659090532
2025-12-12,-0.0014220633420457475,2.486464713321253,248.6464713321253
2025-12-15,0.004402252195300548,2.4974107580640084,249.74107580640083
2025-12-16,-0.007969999701654046,2.477506395067331,247.75063950673308
2025-12-17,0.0011545273863862522,2.480366744050383,248.03667440503833
2025-12-18,0.0026084191798829265,2.486836580238708,248.6836580238708
2025-12-19,0.0005454695482538898,2.488193073864712,248.8193073864712
2025-12-22,0.008789050180121508,2.51006192764874,251.006192764874
2025-12-23,-0.0015666156395208884,2.5061296253767193,250.61296253767193
2025-12-24,0.005297121114046328,2.519404897529839,251.94048975298392
2025-12-26,-8.540346089622359e-05,2.519189731632191,251.9189731632191
2025-12-29,-0.0006708809273981893,2.517499655288742,251.74996552887418
2025-12-30,0.0008690855963930271,2.519687577978078,251.9687577978078
2025-12-31,-0.006450142832517731,2.503435233206799,250.34352332067988
2026-01-02,0.006262849558117262,2.519113871450863,251.9113871450863
2026-01-05,0.007365988134509581,2.5376696343374485,253.76696343374485
2026-01-06,0.014708954510303024,2.574996101551095,257.4996101551095
2026-01-07,-0.0077818689065964584,2.5549578194538274,255.49578194538273
2026-01-08,0.0078776138708867,2.5750847906118874,257.5084790611887
2026-01-09,0.0032671124951937133,2.583497882307479,258.3497882307479
2026-01-12,-0.0020271687529563767,2.578260696127136,257.82606961271364
2026-01-13,-0.006345509951037925,2.5619003172234915,256.19003172234915
2026-01-14,0.003096070550259031,2.5698321413483463,256.9832141348346
2026-01-15,0.004059340628337406,2.580263965367729,258.0263965367729
2026-01-16,-0.005028787969720887,2.5672883649799836,256.7288364979984
2026-01-20,-0.011223628639726816,2.538474073760357,253.84740737603568
2026-01-21,0.015706411194534396,2.578344391369502,257.8344391369502
2026-01-22,0.00449743167347371,2.5899403191003705,258.99403191003705
2026-01-23,-0.005848853340300794,2.5747921380138203,257.47921380138206
